,Időszak:,,2010. IV. név,,,,,,,,,,
Médium ID,Médium márkaneve,Üzemeltető_ID,Üzemeltető_név,Vegtulaj_1_ID,Vegtulaj_1,Vegtulaj_2_ID,Vegtulaj_2,Vegtulaj_3_ID,Vegtulaj_3,Vegtulaj_4_ID,Vegtulaj_4,Vegtulaj_5_ID,Vegtulaj_5
10003,STORY 4,92565,SANOMA DIGITAL MEDIA Közép-európai Kommunikációs Zártkörűen Működő Részvénytársaság,1170,Sanoma Budapest Kiadói Zrt.,,,,,,,,
10018,Alföld Televízió,999999,Egyéb üzemeltető,,,,,,,,,,
10020,Animal Planet ,98206,Discovery Hungary Média Szolgáltató Korlátolt Felelősségű Társaság,1042,Discovery Polska Sp. z.o.o.,,,,,,,,
10026,Duna World (Duna II Autonómia),90621,Duna Televízió Nonprofit Zártkörűen Működő Részvénytársaság,1090,Hungária Televízió Közalapítvány,,,,,,,,
10029,AXN,98205,AXN Magyaroszág Szolgáltató Korlátolt Felelősségű Társaság,1012,AXN Central Europe LLC,,,,,,,,
10040,Bajai Televízió,90206,Baja Marketing Bajai Kommunikációs és Marketing Korlátolt Felelősségű Társaság,1013,Baja Önkormányzata,,,,,,,,
10061,Bestof TV2,92000,MTM-SBS Televízió Zártkörűen Működő Részvénytársaság,1436,VT2 Media Holding B.V.,1175,SBS Broadcasting Europe B.V.,1037,Danube Broadcasting B.V.,1147,PKS Medina ( Netherlands ) B. V.,,
10107,Comedy Central,90439,COMEDY CENTRAL MAGYARORSZÁG Zártkörűen Működő Részvénytársaság,1134,MTV Networks Productions B.V.,1094,Invisions Holding BV.,1500,Viacom Global ( Netherlands ) B. V.,,,,
10123,d1 tv,90598,Domino TV Műsorszolgáltató Zártkörűen Működő Részvénytársaság,1006,Aradi Péter,1484,Szilczer Krisztina,1485,Szilczer Attila,1483,Szilczer András,1486,Szilczer Attiláné
10128,Debrecen Televízió,90518,Debrecen Városi Televízió Korlátolt Felelősségű Társaság,1425,Debrecen Önkormányzata,,,,,,,,
10130,Spektrum Home (Deko Televízió),92968,TV Paprika Műsorszolgáltató Zártkörűen Működő Részvénytársaság,1001,Chellomedia CE Holding Zrt.,1031,CHELLOMEDIA CEE HOLDCO B.V.,,,,,,
10142,Discovery Channel,98206,Discovery Hungary Média Szolgáltató Korlátolt Felelősségű Társaság,1042,Discovery Polska Sp. z.o.o.,,,,,,,,
10151,DoQ,999999,Egyéb üzemeltető,,,,,,,,,,
10155,Duna TV ,90621,Duna Televízió Nonprofit Zártkörűen Működő Részvénytársaság,1090,Hungária Televízió Közalapítvány,,,,,,,,
10170,Echo TV,90648,"Echo Hungária TV Televíziózási, Kommunikációs és Szolgáltató Zártkörű Részvénytársaság",1207,Vasvári Csaba,1417,Széles Gábor,1418,Széles Gáborné,1419,Széles Kinga,1420,Széles Anna
10185,Erzsébetvárosi Televízió (Erzsébetvárosi TV),90759,Erzsébetvárosi Média Nonprofit Korlátolt Felelősségű Társaság,1026,Budapest VII. kerület Önkormányzata,,,,,,,,
10226,Fehérvár Televízió,90828,Fehérvár Médiacentrum Korlátolt Felelősségű Társaság,1187,Székesfehérvár Önkormányzata,,,,,,,,
10235,Film Mánia (Filmmúzeum ),90866,Filmmúzeum Műsorszolgáltató Zártkörűen Működő Részvénytársaság,1001,Chellomedia CE Holding Zrt.,1031,CHELLOMEDIA CEE HOLDCO B.V.,,,,,,
10273,Hálózat,91029,Hálózatos Televíziók Zártkörűen Működő Részvénytársaság,,,,,,,,,,
10297,Hír TV,91112,HírTV Műsorszolgáltató és Hirdetésszervező Zártkörűen Működő Részvénytársaság,1202,Töröcskei István,248035,PRO-AURUM Vagyonkezelő Zrt.,,,,,,
10403,Life Network,92176,Origo Média és Kommunikációs Szolgáltató Zártkörűen Működő Részvénytársaság,245759,Magyar Telekom Távközlési Nyrt.,,,,,,,,
10412,M1,91738,Magyar Televízió Nonprofit Zártkörűen Működő Részvénytársaság,1111,Közszolgálati Közalapítvány,,,,,,,,
10414,M2,91738,Magyar Televízió Nonprofit Zártkörűen Működő Részvénytársaság,1111,Közszolgálati Közalapítvány,,,,,,,,
10416,Magyar ATV,90167,ATV Első Magyar Magántelevíziós Zártkörűen Működő Részvénytársaság,1376,HIT ÉS ERKÖLCS KULTURÁLIS ALAP,1377,HIT GYÜLEKEZETE,1378,X & A Marketing and Holding Limited,,,,
10434,Minimax,999999,Egyéb üzemeltető,,,,,,,,,,
10435,Miskolc Városi Televizió,91920,MIKOM Miskolci Kommunikációs Nonprofit Korlátolt Felelősségű Társaság,1498,Miskolc Önkormányzata,,,,,,,,
10450,MTV (MTV Hungary),97602,Viacom Global Hungary Korlátolt Felelősségű Társaság,1134,MTV Networks Productions B.V.,1094,Invisions Holding BV.,1500,Viacom Global ( Netherlands ) B. V.,,,,
10459,Muzsika TV,999999,Egyéb üzemeltető,,,,,,,,,,
10477,Nickelodeon ,97602,Viacom Global Hungary Korlátolt Felelősségű Társaság,1134,MTV Networks Productions B.V.,1094,Invisions Holding BV.,1500,Viacom Global ( Netherlands ) B. V.,,,,
10487,Nyíregyházi Városi Televizió,93039,VÁROS-KÉP Szolgáltató Nonprofit Korlátolt Felelősségű Társaság,1140,Nyíregyháza Önkormányzata,,,,,,,,
10498,Oroszlányi TV,92180,Oroszlányi Televízió Korlátolt Felelősségű Társaság,1028,Bury Pravotinszky István,1116,Lovas István,1079,Geyer Sándor,,,,
10500,Ozone Network,92176,Origo Média és Kommunikációs Szolgáltató Zártkörűen Működő Részvénytársaság,245759,Magyar Telekom Távközlési Nyrt.,,,,,,,,
10512,Pax TV,92287,Pax Televízió Műsorszolgáltató Zártkörűen Működő Részvénytársaság,1071,Ferenczy Károly,,,,,,,,
10514,Pécs TV,999999,Egyéb üzemeltető,,,,,,,,,,
10551,Győr+TV (REVITA TV GYŐR),92510,REVITA TELEVÍZIÓ GYŐR MűSORSZOLGÁLTATÓ Zártkörűen Működő Részvénytarsaság,1340,Szabó István József,1341,Galló Ádám,1343,Bognár Pál,1344,Rácz Albert,1342,Galló Zoltán Szabolcs
10556,RTL Klub,91722,Magyar RTL Televízió Zártkörűen Működő Részvénytársaság,1323,S.I.G. Kapital SA,1032,CLT UFA S. A,,,,,,
10588,Spektrum TV,92637,Spektrum-TV Közép-Európai Műsorkészítő Zártkörűen Működő Részvénytársaság,1031,CHELLOMEDIA CEE HOLDCO B.V.,,,,,,,,
10592,SPORT M,90417,Chello Central Europe Műsorszolgáltató Zártkörűen Működő Részvénytársaság,1031,Chellomedia CEE Holdco B.V.,,,,,,,,
10593,Sport1,90417,Chello Central Europe Műsorszolgáltató Zártkörűen Működő Részvénytársaság,1031,Chellomedia CEE Holdco B.V.,,,,,,,,
10594,Sport2,90417,Chello Central Europe Műsorszolgáltató Zártkörűen Működő Részvénytársaság,1031,Chellomedia CEE Holdco B.V.,,,,,,,,
10616,Szentgotthárd Városi Televízió,92754,Szentgotthárd Városi Televízió és Kábelüzemeltető Nonprofit Korlátolt Felelősségű Társaság,1504,Török Péter,1505,Habozy László,1506,Barkóczi István Gábor,1507,Dékány István,,
10653,The Fishing and Hunting Channel,999999,Egyéb üzemeltető,,,,,,,,,,
10658,TiszapART TV,91824,MATT-2004 Szolgáltató Korlátolt Felelősségű Társaság,1135,Nagy Abonyi Attila,1103,Kenyeres Gyula,1124,Maros József,,,,
10687,TV Paprika,92968,TV Paprika Műsorszolgáltató Zártkörűen Működő Részvénytársaság,1001,Chellomedia CE Holding Zrt.,1031,CHELLOMEDIA CEE HOLDCO B.V.,,,,,,
10697,TV2,92000,MTM-SBS Televízió Zártkörűen Működő Részvénytársaság,1436,VT2 Media Holding B.V.,1175,SBS Broadcasting Europe B.V.,1037,Danube Broadcasting B.V.,1147,PKS Medina ( Netherlands ) B. V.,,
10700,Viasat6,98204,Viasat Hungária Szolgáltató Zártkörűen Működő Részvénytársaság,1133,MTG Broadcasting AB,,,,,,,,
10705,Újbuda TV,91842,Média 11. Tömegkommunikációs és Szolgáltató Korlátolt Felelősségű Társaság,1027,Budapest XI. kerület Önkormányzata,,,,,,,,
10706,Újpesti Közösségi Televízió (Újpesti Közéleti Televízió),92990,Újpesti Sajtó Szolgáltató Nonprofit Korlátolt Felelősségű Társaság,1025,Budapest IV. kerület Önkormányzata,,,,,,,,
10727,Városi Televízió Szeged,999999,Egyéb üzemeltető,,,,,,,,,,
10742,Viasat3,98204,Viasat Hungária Szolgáltató Zártkörűen Működő Részvénytársaság,1133,MTG Broadcasting AB,,,,,,,,
10747,Vitál TV,90648,"Echo Hungária TV Televíziózási, Kommunikációs és Szolgáltató Zártkörű Részvénytársaság",1207,Vasvári Csaba,1417,Széles Gábor,1418,Széles Gáborné,1419,Széles Kinga,1420,Széles Anna
10748,VIVA,97602,Viacom Global Hungary Korlátolt Felelősségű Társaság,1134,MTV Networks Productions B.V.,1094,Invisions Holding BV.,1500,Viacom Global ( Netherlands ) B. V.,,,,
10948,Paramount Channel Hungary,97602,Viacom Global Hungary Korlátolt Felelősségű Társaság,1134,MTV Networks Productions B.V.,1094,Invisions Holding BV.,1500,Viacom Global ( Netherlands ) B. V.,,,,
20020,Class FM (),90057,Advenio Műsorszolgáltató Zártkörűen Működő Részvénytársaság,1051,dr. Nyerges Zsolt,,,,,,,,
20048,Trend FM (Gazdasági Rádió) (94.2),92015,MŰSOR-HANG Műsorszolgáltató Zártkörűen Működő Részvénytársaság,1503,dr. Móré Attila,246252,PHYLAXIA 1912. Holding Nyrt.,1434,Seres István,1435,Kecskés Lászlóné,,
20049,Gazdasági Rádió (100.7),92015,MŰSOR-HANG Műsorszolgáltató Zártkörűen Működő Részvénytársaság,1503,dr. Móré Attila,246252,PHYLAXIA 1912. Holding Nyrt.,1434,Seres István,1435,Kecskés Lászlóné,,
20050,Gazdasági Rádió (95.7),92015,MŰSOR-HANG Műsorszolgáltató Zártkörűen Működő Részvénytársaság,1503,dr. Móré Attila,246252,PHYLAXIA 1912. Holding Nyrt.,1434,Seres István,1435,Kecskés Lászlóné,,
20053,Gong FM (Gong Rádió) (96.5),90955,"GONG RÁDIÓ Információs, Kereskedelmi és Szolgáltató Korlátolt Felelősségű Társaság",1020,Birizdó Károly,1144,Palásti József,1097,Kalmár László,,,,
20062,Infó Rádió (88.1),91186,Inforádió Műsorszolgáltató Korlátolt Felelősségű Társaság,1324,Whitestone International Ltd.,,,,,,,,
20066,Sláger FM (Juventus Rádió) (103.9),92455,Rádió Juventus Műsorszolgáltató Zártkörűen Működő Részvénytársaság,1355,Juventus Holdings LLC.,1356,Metro Radio International LLC.,,,,,,
20080,Klubrádió (92.9),91401,Klubrádió Szolgáltató Zártkörűen Működő Részvénytársaság,1411,Dimberia Ltd.,,,,,,,,
20090,Lánchíd Rádió (Lánchíd Rádió Budapest) (100.3),91541,Lánchíd Rádió Műsorszolgáltató Korlátolt Felelősségű Társaság,1202,Töröcskei István,885715,Infocenter.hu Média Befektetési Zrt.,,,,,,
20095,Parlamenti Rádió (MR 5) (n.a),91719,Magyar Rádió Nonprofit Zártkörűen Működő Részvénytársaság,1121,Magyar Rádió Közalapítvány,,,,,,,,
20096,Kossuth Rádió (mr1-Kossuth ) (n.a),91719,Magyar Rádió Nonprofit Zártkörűen Működő Részvénytársaság,1121,Magyar Rádió Közalapítvány,,,,,,,,
20097,Petőfi Rádió (mr2-Petőfi) (n.a),91719,Magyar Rádió Nonprofit Zártkörűen Működő Részvénytársaság,1121,Magyar Rádió Közalapítvány,,,,,,,,
20098,Bartók Rádió (mr3-Bartók) (n.a),91719,Magyar Rádió Nonprofit Zártkörűen Működő Részvénytársaság,1121,Magyar Rádió Közalapítvány,,,,,,,,
20101,Sopron Rádió (Nap Rádió ) (94.1),92263,PANNON-SOPRON Regionális TV Műsorgyártó és Szolgáltató Korlátolt Felelősségű Társaság,1180,Sopron Önkormányzata,338290,NCArt Kereskedelmi és Szolgáltató Zrt.,,,,,,
20102,Neo FM (),90878,FM1 Kommunikációs és Kulturális Zártkörűen Működő Részvénytársaság,1309,Székely Gábor,1310,Horváth László,,,,,,
20121,Rádió 1 (103.9),92443,Rádió 1 Rádióműsort Készítő és Közlő Korlátolt Felelősségű Társaság,1002,ADIL Industries Corp.,1089,Howard Business Inc.,,,,,,
20128,Rádió 1 (94.6),92443,Rádió 1 Rádióműsort Készítő és Közlő Korlátolt Felelősségű Társaság,1002,ADIL Industries Corp.,1089,Howard Business Inc.,,,,,,
20196,Sztár FM (102.1),91092,Híd Rádió Műsorkészítő és Sugárzó Zártkörűen Működő Részvénytársaság,1154,Radio Bridge Media Holding Ltd.,,,,,,,,
20210,Vörösmarty Rádió (99.2),999999,Egyéb üzemeltető,,,,,,,,,,
20237,Nemzetiségi Rádió (MR4) (n.a),91719,Magyar Rádió Nonprofit Zártkörűen Működő Részvénytársaság,1121,Magyar Rádió Közalapítvány,,,,,,,,
20271,Klubrádió (88.7),91401,Klubrádió Szolgáltató Zártkörűen Működő Részvénytársaság,1411,Dimberia Ltd.,,,,,,,,
20272,Klubrádió (89.2),91401,Klubrádió Szolgáltató Zártkörűen Működő Részvénytársaság,1411,Dimberia Ltd.,,,,,,,,
20280,Gazdasági Rádió (95.6),92015,MŰSOR-HANG Műsorszolgáltató Zártkörűen Működő Részvénytársaság,1503,dr. Móré Attila,246252,PHYLAXIA 1912. Holding Nyrt.,1434,Seres István,1435,Kecskés Lászlóné,,
20281,Gazdasági Rádió (97.5),92015,MŰSOR-HANG Műsorszolgáltató Zártkörűen Működő Részvénytársaság,1503,dr. Móré Attila,246252,PHYLAXIA 1912. Holding Nyrt.,1434,Seres István,1435,Kecskés Lászlóné,,
20282,Gazdasági Rádió (98.9),92015,MŰSOR-HANG Műsorszolgáltató Zártkörűen Működő Részvénytársaság,1503,dr. Móré Attila,246252,PHYLAXIA 1912. Holding Nyrt.,1434,Seres István,1435,Kecskés Lászlóné,,
20283,Gazdasági Rádió (100.6),92015,MŰSOR-HANG Műsorszolgáltató Zártkörűen Működő Részvénytársaság,1503,dr. Móré Attila,246252,PHYLAXIA 1912. Holding Nyrt.,1434,Seres István,1435,Kecskés Lászlóné,,
30004,Glossy girls (100xszép),90180,AXEL SPRINGER-BUDAPEST KIADÓI Kft,1352,Bérczi Zsuzsanna,1347,dr. Bayer József,1353,Bayer Iván,1354,Bayer Zsuzsanna,1010,Axel Springer AG
30010,168 óra,92851,Telegráf Kiadó Korlátolt Felelősségű Társaság,1190,Szilvásy Rudolf,1384,Bölcs Dóra,1385,Bölcs István,1386,Bölcs Ádám,1387,Mester Ákos
30013,3. évezred,92513,RF-HOBBY Lapkiadó Korlátolt Felelősségű Társaság,1146,Petr Simandl,1157,RF-HOBBY s.r.o.,,,,,,
30107,Tanító,999999,Egyéb üzemeltető,,,,,,,,,,
30112,A világ ...-b.n,92090,Népszabadság Kiadó és Nyomdaipari Zártkörűen Működő Részvénytársaság,1160,Ringier AG,,,,,,,,
30154,Adó ...,93546,Heti Világgazdaság Kiadói Zártkörűen Működő Részvénytársaság,1142,Ost Holding GmbH,,,,,,,,
30199,Réka Alakreform,92564,Sanoma Budapest Kiadói Zártkörűen Működő Részvénytársaság,1171,Sanoma Magazines Internatinal B. V.,,,,,,,,
30222,Álompár,93346,"INFORM MÉDIA Lapkiadó, Információs és Kulturális Korlátolt Felelősségű Társaság",1093,Inform Media GmbH,,,,,,,,
30226,Amelie,90938,Geomédia Kiadói Zártkörűen Működő Részvénytársaság,245748,GEOHOLDING Vállalkozási Zrt.,,,,,,,,
30277,Autó bazár,91548,Lapcom Lapkiadó és Nyomdaipari Korlátolt Felelősségü Társaság,1421,A&N International Media Limited,,,,,,,,
30278,Auto Bild Magyarország,90180,AXEL SPRINGER-BUDAPEST KIADÓI Kft,1352,Bérczi Zsuzsanna,1347,dr. Bayer József,1353,Bayer Iván,1354,Bayer Zsuzsanna,1010,Axel Springer AG
30279,Autó és stílus,92564,Sanoma Budapest Kiadói Zártkörűen Működő Részvénytársaság,1171,Sanoma Magazines Internatinal B. V.,,,,,,,,
30280,Autó magazin,92564,Sanoma Budapest Kiadói Zártkörűen Működő Részvénytársaság,1171,Sanoma Magazines Internatinal B. V.,,,,,,,,
30287,Autó-motor,90181,Axel Springer- Magyarország Korlátolt Felelősségű Társaság,1352,Bérczi Zsuzsanna,1347,dr. Bayer József,1353,Bayer Iván,1354,Bayer Zsuzsanna,1010,Axel Springer AG
30311,Otthon,92564,Sanoma Budapest Kiadói Zártkörűen Működő Részvénytársaság,1171,Sanoma Magazines Internatinal B. V.,,,,,,,,
30323,Bács Irányár,999999,Egyéb üzemeltető,,,,,,,,,,
30327,Bácskai napló,90206,Baja Marketing Bajai Kommunikációs és Marketing Korlátolt Felelősségű Társaság,1013,Baja Önkormányzata,,,,,,,,
30374,A bátonyterenyei napló (Bátonyterenyei hírvivő),999999,Egyéb üzemeltető,,,,,,,,,,
30389,Békés megyei hírlap,92093,Népújság Korlátolt Felelősségű Társaság Békéscsaba,1352,Bérczi Zsuzsanna,1347,dr. Bayer József,1353,Bayer Iván,1354,Bayer Zsuzsanna,1011,Axel Springer Verlag Beteiligungsgesellschaft Gmbh
30409,Best magazin,92564,Sanoma Budapest Kiadói Zártkörűen Működő Részvénytársaság,1171,Sanoma Magazines Internatinal B. V.,,,,,,,,
30435,Blikk,92518,Ringier Kiadó Korlátolt Felelősségű Társaság,1160,Ringier AG,,,,,,,,
30437,Blikk magazin csoport,92518,Ringier Kiadó Korlátolt Felelősségű Társaság,1160,Ringier AG,,,,,,,,
30462,Bors,91092,Híd Rádió Műsorkészítő és Sugárzó Zártkörűen Működő Részvénytársaság,1154,Radio Bridge Media Holding Ltd.,,,,,,,,
30464,Borsodi apró,93346,"INFORM MÉDIA Lapkiadó, Információs és Kulturális Korlátolt Felelősségű Társaság",1093,Inform Media GmbH,,,,,,,,
30470,Bravo,92518,Ringier Kiadó Korlátolt Felelősségű Társaság,1160,Ringier AG,,,,,,,,
30471,Bravo Girl!,92518,Ringier Kiadó Korlátolt Felelősségű Társaság,1160,Ringier AG,,,,,,,,
30474,Buci Maci,92518,Ringier Kiadó Korlátolt Felelősségű Társaság,1160,Ringier AG,,,,,,,,
30477,Budai polgár,90339,"Budai Polgár Kiadó, Tájékoztató és Kulturális Közhasznú Nonprofit Korlátolt Felelősségű Társaság",1024,Budapest II. kerület Önkormányzata,,,,,,,,
30487,Budapest business journal,90043,Absolut Media Szolgáltató és Kereskedelmi Korlátolt Felelősségű Társaság,1022,Botka Tamás,1163,ROSARIUM GLOBAL Inc,,,,,,
30497,Budapesti piac ,92368,POP Print és Online Piac Korlátolt Felelősségű Társaság,1093,Inform Media GmbH,,,,,,,,
30499,Budapest szuperinfó (lapcsoport),92368,POP Print és Online Piac Korlátolt Felelősségű Társaság,1093,Inform Media GmbH,,,,,,,,
30506,Business IT plusz ...,91149,HVG ONLINE Internetes Fejlesztő Kereskedelmi Szolgáltató és Tanácsadó Zártkörűen Működő Részvénytársaság,1142,Ost Holding GmbH,,,,,,,,
30535,Dunántúli napló cégtár ,90181,Axel Springer- Magyarország Korlátolt Felelősségű Társaság,1352,Bérczi Zsuzsanna,1347,dr. Bayer József,1353,Bayer Iván,1354,Bayer Zsuzsanna,1010,Axel Springer AG
30547,Chip,999999,Egyéb üzemeltető,,,,,,,,,,
30563,CKM,91813,Marquard Média Magyarország Kiadó Korlátolt Felelősségű Társaság,1125,Marquard Media AG,,,,,,,,
30576,Cosmopolitan,91051,Hearst Sanoma Budapest Kiadói Korlátolt Felelősségű Társaság,1170,Sanoma Budapest Kiadói Zrt.,1085,Hearst Communications Inc.,,,,,,
30594,Családi lap,93140,"Word Communications Kiadói, Kereskedelmi és Szolgáltató Korlátolt Felelősségű Társaság",1205,Vajdics Enikő,1206,Varga Miklós,,,,,,
30617,Csók és könny,90180,AXEL SPRINGER-BUDAPEST KIADÓI Kft,1352,Bérczi Zsuzsanna,1347,dr. Bayer József,1353,Bayer Iván,1354,Bayer Zsuzsanna,1010,Axel Springer AG
30647,Tiszaújváros szuperinfó,96100,"Krekk-Info Reklám, Terjesztési és Szolgáltató Nonprofit Korlátolt Felelősségű Társaság",1093,Inform Media GmbH,,,,,,,,
30650,Déli apró ,91548,Lapcom Lapkiadó és Nyomdaipari Korlátolt Felelősségü Társaság,1421,A&N International Media Limited,,,,,,,,
30654,Délmagyarország,91548,Lapcom Lapkiadó és Nyomdaipari Korlátolt Felelősségü Társaság,1421,A&N International Media Limited,,,,,,,,
30657,Délpesti kishekki ,92368,POP Print és Online Piac Korlátolt Felelősségű Társaság,1093,Inform Media GmbH,,,,,,,,
30658,Délvilág,91548,Lapcom Lapkiadó és Nyomdaipari Korlátolt Felelősségü Társaság,1421,A&N International Media Limited,,,,,,,,
30680,Diéta & fitnesz,90938,Geomédia Kiadói Zártkörűen Működő Részvénytársaság,245748,GEOHOLDING Vállalkozási Zrt.,,,,,,,,
30681,Digitális fotó,999999,Egyéb üzemeltető,,,,,,,,,,
30739,Dunaújvárosi hírlap,91105,Hírlap Press Kiadói Betéti Társaság,1142,Ost Holding GmbH,,,,,,,,
30764,Egészség plusz ...,91149,HVG ONLINE Internetes Fejlesztő Kereskedelmi Szolgáltató és Tanácsadó Zártkörűen Működő Részvénytársaság,1142,Ost Holding GmbH,,,,,,,,
30806,Élet és irodalom,91208,Irodalom Lap és Könyvkiadó Kulturális Szolgáltató Korlátolt Felelőségű Társaság,1059,Élet és Irodalom Alapítvány,1060,Élet és Irodalom Baráti Társaság,,,,,,
30819,Elle Magyarország,999999,Egyéb üzemeltető,,,,,,,,,,
30820,Elle man,999999,Egyéb üzemeltető,,,,,,,,,,
30863,Érdi újság,92881,Théma Lapkiadó Kereskedelmi és Szolgáltatási Korlátolt Felelősségű Társaság,1211,Vitézy Tamás,1346,Primatum FCP Specialized Investment Fund,,,,,,
30876,Erzsébetváros,999999,Egyéb üzemeltető,,,,,,,,,,
30888,Észak-Magyarország,93346,"INFORM MÉDIA Lapkiadó, Információs és Kulturális Korlátolt Felelősségű Társaság",1093,Inform Media GmbH,,,,,,,,
30909,Europark magazin,90181,Axel Springer- Magyarország Korlátolt Felelősségű Társaság,1352,Bérczi Zsuzsanna,1347,dr. Bayer József,1353,Bayer Iván,1354,Bayer Zsuzsanna,1010,Axel Springer AG
30914,Éva (lapcsoport),91813,Marquard Média Magyarország Kiadó Korlátolt Felelősségű Társaság,1125,Marquard Media AG,,,,,,,,
30932,Extra frizura,90938,Geomédia Kiadói Zártkörűen Működő Részvénytársaság,245748,GEOHOLDING Vállalkozási Zrt.,,,,,,,,
30956,Fanny (lapcsoport),90180,AXEL SPRINGER-BUDAPEST KIADÓI Kft,1352,Bérczi Zsuzsanna,1347,dr. Bayer József,1353,Bayer Iván,1354,Bayer Zsuzsanna,1010,Axel Springer AG
30972,Fehérvár,90828,Fehérvár Médiacentrum Korlátolt Felelősségű Társaság,1187,Székesfehérvár Önkormányzata,,,,,,,,
30973,Fehérvári 7 nap,91798,Maraton Lapcsoport-Multivizió Kiadói Korlátolt Felelősségű Társaság,1142,Ost Holding GmbH,,,,,,,,
30975,Fehérvári tények,92092,Népszava Lapkiadó Korlátolt Felelősségű Társaság,1138,Népszava Szerkesztőség Dolgozóinak Szociális Kulturális és Segélyező Egyesülete,1195,TGD Intermedia SA,,,,,,
30977,Fejér megyei hírlap,91105,Hírlap Press Kiadói Betéti Társaság,1142,Ost Holding GmbH,,,,,,,,
30986,Kiskunfélegyháza város és körzete szuperinfó,91108,Hírös Modul Szuperinfó Korlátolt Felelősségű Társaság,1213,Zakar Kristóf,1212,Zakar Dávid,1214,Zakar László,,,,
31009,Figyelő (lapcsoport),92564,Sanoma Budapest Kiadói Zártkörűen Működő Részvénytársaság,1171,Sanoma Magazines Internatinal B. V.,,,,,,,,
31048,Forró drót,90181,Axel Springer- Magyarország Korlátolt Felelősségű Társaság,1352,Bérczi Zsuzsanna,1347,dr. Bayer József,1353,Bayer Iván,1354,Bayer Zsuzsanna,1010,Axel Springer AG
31052,Fotel ,92564,Sanoma Budapest Kiadói Zártkörűen Működő Részvénytársaság,1171,Sanoma Magazines Internatinal B. V.,,,,,,,,
31053,Fotel mini ,92564,Sanoma Budapest Kiadói Zártkörűen Működő Részvénytársaság,1171,Sanoma Magazines Internatinal B. V.,,,,,,,,
31074,Futár,93346,"INFORM MÉDIA Lapkiadó, Információs és Kulturális Korlátolt Felelősségű Társaság",1093,Inform Media GmbH,,,,,,,,
31107,Geo,93186,Zöld Újság Tömegkommunikációs és Kiadói Zártkörűen Működő Részvénytársaság,1352,Bérczi Zsuzsanna,1347,dr. Bayer József,1353,Bayer Iván,1354,Bayer Zsuzsanna,1427,AXEL SPRINGER VERLAG AG
31117,Glamour,90180,AXEL SPRINGER-BUDAPEST KIADÓI Kft,1352,Bérczi Zsuzsanna,1347,dr. Bayer József,1353,Bayer Iván,1354,Bayer Zsuzsanna,1010,Axel Springer AG
31136,Gördülő hírek ,91548,Lapcom Lapkiadó és Nyomdaipari Korlátolt Felelősségü Társaság,1421,A&N International Media Limited,,,,,,,,
31143,Kecskeméti grátisz,92324,Petőfi Lap- és Könyvkiadó Korlátolt Felelősségű Társaság,1352,Bérczi Zsuzsanna,1347,dr. Bayer József,1353,Bayer Iván,1354,Bayer Zsuzsanna,1011,Axel Springer Verlag Beteiligungsgesellschaft Gmbh
31195,Parkpress,999999,Egyéb üzemeltető,,,,,,,,,,
31206,Hajdú apró,93346,"INFORM MÉDIA Lapkiadó, Információs és Kulturális Korlátolt Felelősségű Társaság",1093,Inform Media GmbH,,,,,,,,
31209,Hajdú-bihari napló,93346,"INFORM MÉDIA Lapkiadó, Információs és Kulturális Korlátolt Felelősségű Társaság",1093,Inform Media GmbH,,,,,,,,
31243,Harvard business review,93186,Zöld Újság Tömegkommunikációs és Kiadói Zártkörűen Működő Részvénytársaság,1352,Bérczi Zsuzsanna,1347,dr. Bayer József,1353,Bayer Iván,1354,Bayer Zsuzsanna,1427,AXEL SPRINGER VERLAG AG
31245,Haszon (lapcsoport),91040,Haszon Lapkiadó Korlátolt Felelősségű Társaság,1181,Stipsicz Beteiligungs GmbH,,,,,,,,
31247,Haszongép bazár,91548,Lapcom Lapkiadó és Nyomdaipari Korlátolt Felelősségü Társaság,1421,A&N International Media Limited,,,,,,,,
31254,Hatvani hírlap (Hatvani hírek) ,999999,Egyéb üzemeltető,,,,,,,,,,
31260,Házak & kertek,90180,AXEL SPRINGER-BUDAPEST KIADÓI Kft,1352,Bérczi Zsuzsanna,1347,dr. Bayer József,1353,Bayer Iván,1354,Bayer Zsuzsanna,1010,Axel Springer AG
31275,HelloBaby!,999999,Egyéb üzemeltető,,,,,,,,,,
31329,Heti válasz,91084,Heti Válasz Lap- és Könyvkiadó Szolgáltató Korlátolt Felelősségű Társaság,885715,Infocenter.hu Média Befektetési Zrt.,,,,,,,,
31331,Heves megyei hírlap,90181,Axel Springer- Magyarország Korlátolt Felelősségű Társaság,1352,Bérczi Zsuzsanna,1347,dr. Bayer József,1353,Bayer Iván,1354,Bayer Zsuzsanna,1010,Axel Springer AG
31333,Hevesi apró,93346,"INFORM MÉDIA Lapkiadó, Információs és Kulturális Korlátolt Felelősségű Társaság",1093,Inform Media GmbH,,,,,,,,
31340,Hídlap,90772,EHÍR Esztergomi Hirdető Korlátolt Felelősségű Társaság,1429,Esztergom Önkormányzata,,,,,,,,
31426,Horizon,90938,Geomédia Kiadói Zártkörűen Működő Részvénytársaság,245748,GEOHOLDING Vállalkozási Zrt.,,,,,,,,
31435,Hot!,92518,Ringier Kiadó Korlátolt Felelősségű Társaság,1160,Ringier AG,,,,,,,,
31440,Hölgyválasz ,90938,Geomédia Kiadói Zártkörűen Működő Részvénytársaság,245748,GEOHOLDING Vállalkozási Zrt.,,,,,,,,
31441,Hölgyvilág,90180,AXEL SPRINGER-BUDAPEST KIADÓI Kft,1352,Bérczi Zsuzsanna,1347,dr. Bayer József,1353,Bayer Iván,1354,Bayer Zsuzsanna,1010,Axel Springer AG
31448,Human resources magazin,90938,Geomédia Kiadói Zártkörűen Működő Részvénytársaság,245748,GEOHOLDING Vállalkozási Zrt.,,,,,,,,
31468,HVG (lapcsoport),93546,Heti Világgazdaság Kiadói Zártkörűen Működő Részvénytársaság,1142,Ost Holding GmbH,,,,,,,,
31485,IM,92518,Ringier Kiadó Korlátolt Felelősségű Társaság,1160,Ringier AG,,,,,,,,
31502,Ingatlan plusz ...,91149,HVG ONLINE Internetes Fejlesztő Kereskedelmi Szolgáltató és Tanácsadó Zártkörűen Működő Részvénytársaság,1142,Ost Holding GmbH,,,,,,,,
31507,InStyle,91813,Marquard Média Magyarország Kiadó Korlátolt Felelősségű Társaság,1125,Marquard Media AG,,,,,,,,
31512,Interpress magazin,93140,"Word Communications Kiadói, Kereskedelmi és Szolgáltató Korlátolt Felelősségű Társaság",1205,Vajdics Enikő,1206,Varga Miklós,,,,,,
31516,Ínyenc,92518,Ringier Kiadó Korlátolt Felelősségű Társaság,1160,Ringier AG,,,,,,,,
31517,Irányár,91548,Lapcom Lapkiadó és Nyomdaipari Korlátolt Felelősségü Társaság,1421,A&N International Media Limited,,,,,,,,
31537,IT plusz,91149,HVG ONLINE Internetes Fejlesztő Kereskedelmi Szolgáltató és Tanácsadó Zártkörűen Működő Részvénytársaság,1142,Ost Holding GmbH,,,,,,,,
31568,Ízek és érzések,999999,Egyéb üzemeltető,,,,,,,,,,
31587,Jó tanács,90181,Axel Springer- Magyarország Korlátolt Felelősségű Társaság,1352,Bérczi Zsuzsanna,1347,dr. Bayer József,1353,Bayer Iván,1354,Bayer Zsuzsanna,1010,Axel Springer AG
31589,Jó vicc,90180,AXEL SPRINGER-BUDAPEST KIADÓI Kft,1352,Bérczi Zsuzsanna,1347,dr. Bayer József,1353,Bayer Iván,1354,Bayer Zsuzsanna,1010,Axel Springer AG
31609,Joy,91813,Marquard Média Magyarország Kiadó Korlátolt Felelősségű Társaság,1125,Marquard Media AG,,,,,,,,
31612,József körút ,91177,IMPRESS-RÉGIÓ Kiadó és Szolgáltató Korlátolt Felelősségű Társaság,1099,Karalyosné dr. Kis Beáta,1098,Karalyos József,,,,,,
31641,Kapos extra ,96941,Zselici Forrás Szolgáltató Korlátolt Felelősségű Társaság,1183,Szabó Krisztián Ferenc,,,,,,,,
31698,Keleti apró,93346,"INFORM MÉDIA Lapkiadó, Információs és Kulturális Korlátolt Felelősségű Társaság",1093,Inform Media GmbH,,,,,,,,
31700,Kelet-Magyarország,93346,"INFORM MÉDIA Lapkiadó, Információs és Kulturális Korlátolt Felelősségű Társaság",1093,Inform Media GmbH,,,,,,,,
31706,Képes sport,92518,Ringier Kiadó Korlátolt Felelősségű Társaság,1160,Ringier AG,,,,,,,,
31737,Kétheti Rtv műsor magazin,92564,Sanoma Budapest Kiadói Zártkörűen Működő Részvénytársaság,1171,Sanoma Magazines Internatinal B. V.,,,,,,,,
31751,Kisalföld (lapcsoport),91548,Lapcom Lapkiadó és Nyomdaipari Korlátolt Felelősségü Társaság,1421,A&N International Media Limited,,,,,,,,
31754,Kisalföldi gazdaság,91548,Lapcom Lapkiadó és Nyomdaipari Korlátolt Felelősségü Társaság,1421,A&N International Media Limited,,,,,,,,
31769,Kiskegyed (lapcsoport),90180,AXEL SPRINGER-BUDAPEST KIADÓI Kft,1352,Bérczi Zsuzsanna,1347,dr. Bayer József,1353,Bayer Iván,1354,Bayer Zsuzsanna,1010,Axel Springer AG
31779,Kismama,92564,Sanoma Budapest Kiadói Zártkörűen Működő Részvénytársaság,1171,Sanoma Magazines Internatinal B. V.,,,,,,,,
31793,Kisváros grátisz,92093,Népújság Korlátolt Felelősségű Társaság Békéscsaba,1352,Bérczi Zsuzsanna,1347,dr. Bayer József,1353,Bayer Iván,1354,Bayer Zsuzsanna,1011,Axel Springer Verlag Beteiligungsgesellschaft Gmbh
31808,Komárom-Esztergom megyei 24 óra,90181,Axel Springer- Magyarország Korlátolt Felelősségű Társaság,1352,Bérczi Zsuzsanna,1347,dr. Bayer József,1353,Bayer Iván,1354,Bayer Zsuzsanna,1010,Axel Springer AG
31822,Konyha & fürdő,92333,Piac és Profit Kiadó Korlátolt Felelősségű Társaság,1179,Simon Istvánné,1043,Dobai Attila,1123,Marczisné Szűcs Krisztina,,,,
31824,Kópé,90180,AXEL SPRINGER-BUDAPEST KIADÓI Kft,1352,Bérczi Zsuzsanna,1347,dr. Bayer József,1353,Bayer Iván,1354,Bayer Zsuzsanna,1010,Axel Springer AG
31906,Kritika,92090,Népszabadság Kiadó és Nyomdaipari Zártkörűen Működő Részvénytársaság,1160,Ringier AG,,,,,,,,
31933,Lakáskultúra,90180,AXEL SPRINGER-BUDAPEST KIADÓI Kft,1352,Bérczi Zsuzsanna,1347,dr. Bayer József,1353,Bayer Iván,1354,Bayer Zsuzsanna,1010,Axel Springer AG
31941,Presztízs top 100,91548,Lapcom Lapkiadó és Nyomdaipari Korlátolt Felelősségü Társaság,1421,A&N International Media Limited,,,,,,,,
31947,Látkép,92513,RF-HOBBY Lapkiadó Korlátolt Felelősségű Társaság,1146,Petr Simandl,1157,RF-HOBBY s.r.o.,,,,,,
31948,Látkép extra,92513,RF-HOBBY Lapkiadó Korlátolt Felelősségű Társaság,1146,Petr Simandl,1157,RF-HOBBY s.r.o.,,,,,,
31990,Litéri hírmondó ,999999,Egyéb üzemeltető,,,,,,,,,,
32011,Luxury Budapest,90043,Absolut Media Szolgáltató és Kereskedelmi Korlátolt Felelősségű Társaság,1022,Botka Tamás,1163,ROSARIUM GLOBAL Inc,,,,,,
32012,Luxury ingatlan,90043,Absolut Media Szolgáltató és Kereskedelmi Korlátolt Felelősségű Társaság,1022,Botka Tamás,1163,ROSARIUM GLOBAL Inc,,,,,,
32053,Magyar hírlap,91661,Magyar Hírlap Kiadói Korlátolt Felelősségű Társaság,1417,Széles Gábor,1418,Széles Gáborné,1419,Széles Kinga,1420,Széles Anna,,
32071,Magyar narancs,91753,Magyarnarancs.hu Lapkiadó Korlátolt Felelősségű Társaság,1128,Media Development Loan Fund Inc.,1016,Barotányi Zoltán,1106,Koller Gitta,1502,Bojtár Endre,,
32073,Magyar nemzet,92081,Nemzet Lap- és Könyvkiadó Korlátolt Felelősségű Társaság,1050,dr. Liszkay Gábor,248035,PRO-AURUM Vagyonkezelő Zrt.,,,,,,
32093,Magyar tőkepiac,90938,Geomédia Kiadói Zártkörűen Működő Részvénytársaság,245748,GEOHOLDING Vállalkozási Zrt.,,,,,,,,
32107,Mai belváros ,91177,IMPRESS-RÉGIÓ Kiadó és Szolgáltató Korlátolt Felelősségű Társaság,1099,Karalyosné dr. Kis Beáta,1098,Karalyos József,,,,,,
32113,Makói hirdető ,91548,Lapcom Lapkiadó és Nyomdaipari Korlátolt Felelősségü Társaság,1421,A&N International Media Limited,,,,,,,,
32117,Manager magazin,93186,Zöld Újság Tömegkommunikációs és Kiadói Zártkörűen Működő Részvénytársaság,1352,Bérczi Zsuzsanna,1347,dr. Bayer József,1353,Bayer Iván,1354,Bayer Zsuzsanna,1427,AXEL SPRINGER VERLAG AG
32123,Marie Claire,92564,Sanoma Budapest Kiadói Zártkörűen Működő Részvénytársaság,1171,Sanoma Magazines Internatinal B. V.,,,,,,,,
32141,Maxima,92564,Sanoma Budapest Kiadói Zártkörűen Működő Részvénytársaság,1171,Sanoma Magazines Internatinal B. V.,,,,,,,,
32164,Meglepetés (lapcsoport),92564,Sanoma Budapest Kiadói Zártkörűen Működő Részvénytársaság,1171,Sanoma Magazines Internatinal B. V.,,,,,,,,
32180,Mérnök újság,91084,Heti Válasz Lap- és Könyvkiadó Szolgáltató Korlátolt Felelősségű Társaság,885715,Infocenter.hu Média Befektetési Zrt.,,,,,,,,
32182,Mert magazin ,92564,Sanoma Budapest Kiadói Zártkörűen Működő Részvénytársaság,1171,Sanoma Magazines Internatinal B. V.,,,,,,,,
32192,Metropol,91998,MTG Metro Gratis Kereskedelmi és Szolgáltató Korlátolt Felelősségű Társaság,1130,Metro International S. A.,,,,,,,,
32211,Miskolci napló (MiNap),91920,MIKOM Miskolci Kommunikációs Nonprofit Korlátolt Felelősségű Társaság,1498,Miskolc Önkormányzata,,,,,,,,
32214,Moha,90938,Geomédia Kiadói Zártkörűen Működő Részvénytársaság,245748,GEOHOLDING Vállalkozási Zrt.,,,,,,,,
32215,Mindmegette magazin,90180,AXEL SPRINGER-BUDAPEST KIADÓI Kft,1352,Bérczi Zsuzsanna,1347,dr. Bayer József,1353,Bayer Iván,1354,Bayer Zsuzsanna,1010,Axel Springer AG
32226,Minimax magazin,999999,Egyéb üzemeltető,,,,,,,,,,
32231,Miskolc info,91920,MIKOM Miskolci Kommunikációs Nonprofit Korlátolt Felelősségű Társaság,1498,Miskolc Önkormányzata,,,,,,,,
32235,Miskolci erő ,92092,Népszava Lapkiadó Korlátolt Felelősségű Társaság,1138,Népszava Szerkesztőség Dolgozóinak Szociális Kulturális és Segélyező Egyesülete,1195,TGD Intermedia SA,,,,,,
32243,Miskolc szuperinfó,96100,"Krekk-Info Reklám, Terjesztési és Szolgáltató Nonprofit Korlátolt Felelősségű Társaság",1093,Inform Media GmbH,,,,,,,,
32247,MM műszaki magazin,999999,Egyéb üzemeltető,,,,,,,,,,
32272,Motorrevü,999999,Egyéb üzemeltető,,,,,,,,,,
32314,Műértő,93546,Heti Világgazdaság Kiadói Zártkörűen Működő Részvénytársaság,1142,Ost Holding GmbH,,,,,,,,
32345,Színes ász (Napi ász),999999,Egyéb üzemeltető,,,,,,,,,,
32346,Magyar idők (Napi gazdaság),92066,Napi Gazdaság Kiadó Korlátolt Felelősségű Társaság,1109,Korányi Tamás,1324,Whitestone International Ltd.,,,,,,
32347,Napi ingatlan,92066,Napi Gazdaság Kiadó Korlátolt Felelősségű Társaság,1109,Korányi Tamás,1324,Whitestone International Ltd.,,,,,,
32348,Napló,91459,Közép-Dunántúli Napló Kiadói Betéti Társaság,1142,Ost Holding GmbH,,,,,,,,
32353,National geographic Magyarország,92564,Sanoma Budapest Kiadói Zártkörűen Működő Részvénytársaság,1171,Sanoma Magazines Internatinal B. V.,,,,,,,,
32366,Nemzeti sport (lapcsoport),92518,Ringier Kiadó Korlátolt Felelősségű Társaság,1160,Ringier AG,,,,,,,,
32375,Népszabadság (lapcsoport),92090,Népszabadság Kiadó és Nyomdaipari Zártkörűen Működő Részvénytársaság,1160,Ringier AG,,,,,,,,
32379,Népszava,92092,Népszava Lapkiadó Korlátolt Felelősségű Társaság,1138,Népszava Szerkesztőség Dolgozóinak Szociális Kulturális és Segélyező Egyesülete,1195,TGD Intermedia SA,,,,,,
32397,Nógrád megyei hírlap,92115,Nógrádi Média Kiadói Korlátolt Felelősségű Társaság,1107,Kopka Miklós,,,,,,,,
32409,Nők lapja (lapcsoport),92564,Sanoma Budapest Kiadói Zártkörűen Működő Részvénytársaság,1171,Sanoma Magazines Internatinal B. V.,,,,,,,,
32439,Nyíregyházi napló,93039,VÁROS-KÉP Szolgáltató Nonprofit Korlátolt Felelősségű Társaság,1140,Nyíregyháza Önkormányzata,,,,,,,,
32452,Óbuda ,91177,IMPRESS-RÉGIÓ Kiadó és Szolgáltató Korlátolt Felelősségű Társaság,1099,Karalyosné dr. Kis Beáta,1098,Karalyos József,,,,,,
32460,Campus plusz,91149,HVG ONLINE Internetes Fejlesztő Kereskedelmi Szolgáltató és Tanácsadó Zártkörűen Működő Részvénytársaság,1142,Ost Holding GmbH,,,,,,,,
32503,Óvodai nevelés,999999,Egyéb üzemeltető,,,,,,,,,,
32506,Öko plusz ...,91149,HVG ONLINE Internetes Fejlesztő Kereskedelmi Szolgáltató és Tanácsadó Zártkörűen Működő Részvénytársaság,1142,Ost Holding GmbH,,,,,,,,
32588,Pécsi hírek,92292,Pécs Médiaközpont Korlátolt Felelősségű Társaság,1145,Pécs Önkormányzata,,,,,,,,
32612,Pest megyei újság,92368,POP Print és Online Piac Korlátolt Felelősségű Társaság,1093,Inform Media GmbH,,,,,,,,
32623,Petőfi népe,92324,Petőfi Lap- és Könyvkiadó Korlátolt Felelősségű Társaság,1352,Bérczi Zsuzsanna,1347,dr. Bayer József,1353,Bayer Iván,1354,Bayer Zsuzsanna,1011,Axel Springer Verlag Beteiligungsgesellschaft Gmbh
32627,Piac & Profit,92333,Piac és Profit Kiadó Korlátolt Felelősségű Társaság,1179,Simon Istvánné,1043,Dobai Attila,1123,Marczisné Szűcs Krisztina,,,,
32645,Playboy,999999,Egyéb üzemeltető,,,,,,,,,,
32691,Popcorn,90180,AXEL SPRINGER-BUDAPEST KIADÓI Kft,1352,Bérczi Zsuzsanna,1347,dr. Bayer József,1353,Bayer Iván,1354,Bayer Zsuzsanna,1010,Axel Springer AG
32707,Prémium (lapcsoport),92258,Pannon Lapok Társasága Kiadói Korlátolt Felelősségű Társaság,1142,Ost Holding GmbH,,,,,,,,
32708,Prémium autó plusz,91149,HVG ONLINE Internetes Fejlesztő Kereskedelmi Szolgáltató és Tanácsadó Zártkörűen Működő Részvénytársaság,1142,Ost Holding GmbH,,,,,,,,
32785,Rejtvény terefere (lapcsoport),90180,AXEL SPRINGER-BUDAPEST KIADÓI Kft,1352,Bérczi Zsuzsanna,1347,dr. Bayer József,1353,Bayer Iván,1354,Bayer Zsuzsanna,1010,Axel Springer AG
32817,Rtv tipp ,92258,Pannon Lapok Társasága Kiadói Korlátolt Felelősségű Társaság,1142,Ost Holding GmbH,,,,,,,,
32827,Sárga rtv,90180,AXEL SPRINGER-BUDAPEST KIADÓI Kft,1352,Bérczi Zsuzsanna,1347,dr. Bayer József,1353,Bayer Iván,1354,Bayer Zsuzsanna,1010,Axel Springer AG
32836,Saturn magazin ,91813,Marquard Média Magyarország Kiadó Korlátolt Felelősségű Társaság,1125,Marquard Media AG,,,,,,,,
32851,Shape,91813,Marquard Média Magyarország Kiadó Korlátolt Felelősségű Társaság,1125,Marquard Media AG,,,,,,,,
32895,Somogyi hírlap,90181,Axel Springer- Magyarország Korlátolt Felelősségű Társaság,1352,Bérczi Zsuzsanna,1347,dr. Bayer József,1353,Bayer Iván,1354,Bayer Zsuzsanna,1010,Axel Springer AG
32898,Soproni építész,91548,Lapcom Lapkiadó és Nyomdaipari Korlátolt Felelősségü Társaság,1421,A&N International Media Limited,,,,,,,,
32911,Sport & Style,92518,Ringier Kiadó Korlátolt Felelősségű Társaság,1160,Ringier AG,,,,,,,,
32935,Story,92564,Sanoma Budapest Kiadói Zártkörűen Működő Részvénytársaság,1171,Sanoma Magazines Internatinal B. V.,,,,,,,,
32959,Szabad föld,90938,Geomédia Kiadói Zártkörűen Működő Részvénytársaság,245748,GEOHOLDING Vállalkozási Zrt.,,,,,,,,
32984,"Számvitel, adó, könyvvizsgálat",999999,Egyéb üzemeltető,,,,,,,,,,
33013,Szegedi tükör,91548,Lapcom Lapkiadó és Nyomdaipari Korlátolt Felelősségü Társaság,1421,A&N International Media Limited,,,,,,,,
33037,Szentesi hirdető ,91548,Lapcom Lapkiadó és Nyomdaipari Korlátolt Felelősségü Társaság,1421,A&N International Media Limited,,,,,,,,
33071,Színes kéthetes,90180,AXEL SPRINGER-BUDAPEST KIADÓI Kft,1352,Bérczi Zsuzsanna,1347,dr. Bayer József,1353,Bayer Iván,1354,Bayer Zsuzsanna,1010,Axel Springer AG
33072,Színes rtv,92564,Sanoma Budapest Kiadói Zártkörűen Működő Részvénytársaság,1171,Sanoma Magazines Internatinal B. V.,,,,,,,,
33074,Színes infó ,92368,POP Print és Online Piac Korlátolt Felelősségű Társaság,1093,Inform Media GmbH,,,,,,,,
33160,Társadalombiztosítás ...,93546,Heti Világgazdaság Kiadói Zártkörűen Működő Részvénytársaság,1142,Ost Holding GmbH,,,,,,,,
33192,Tempó,90181,Axel Springer- Magyarország Korlátolt Felelősségű Társaság,1352,Bérczi Zsuzsanna,1347,dr. Bayer József,1353,Bayer Iván,1354,Bayer Zsuzsanna,1010,Axel Springer AG
33196,Terefere party (Terefere),90180,AXEL SPRINGER-BUDAPEST KIADÓI Kft,1352,Bérczi Zsuzsanna,1347,dr. Bayer József,1353,Bayer Iván,1354,Bayer Zsuzsanna,1010,Axel Springer AG
33228,Tina konyha,92518,Ringier Kiadó Korlátolt Felelősségű Társaság,1160,Ringier AG,,,,,,,,
33253,Tolnai népújság,90181,Axel Springer- Magyarország Korlátolt Felelősségű Társaság,1352,Bérczi Zsuzsanna,1347,dr. Bayer József,1353,Bayer Iván,1354,Bayer Zsuzsanna,1010,Axel Springer AG
33297,TV kéthetes,90180,AXEL SPRINGER-BUDAPEST KIADÓI Kft,1352,Bérczi Zsuzsanna,1347,dr. Bayer József,1353,Bayer Iván,1354,Bayer Zsuzsanna,1010,Axel Springer AG
33300,Tv revü,90180,AXEL SPRINGER-BUDAPEST KIADÓI Kft,1352,Bérczi Zsuzsanna,1347,dr. Bayer József,1353,Bayer Iván,1354,Bayer Zsuzsanna,1010,Axel Springer AG
33301,TVR újság,90180,AXEL SPRINGER-BUDAPEST KIADÓI Kft,1352,Bérczi Zsuzsanna,1347,dr. Bayer József,1353,Bayer Iván,1354,Bayer Zsuzsanna,1010,Axel Springer AG
33302,Tvr-hét,90180,AXEL SPRINGER-BUDAPEST KIADÓI Kft,1352,Bérczi Zsuzsanna,1347,dr. Bayer József,1353,Bayer Iván,1354,Bayer Zsuzsanna,1010,Axel Springer AG
33314,Új Dunántúli napló,90181,Axel Springer- Magyarország Korlátolt Felelősségű Társaság,1352,Bérczi Zsuzsanna,1347,dr. Bayer József,1353,Bayer Iván,1354,Bayer Zsuzsanna,1010,Axel Springer AG
33340,Új Néplap,90181,Axel Springer- Magyarország Korlátolt Felelősségű Társaság,1352,Bérczi Zsuzsanna,1347,dr. Bayer József,1353,Bayer Iván,1354,Bayer Zsuzsanna,1010,Axel Springer AG
33344,Újbuda ,91842,Média 11. Tömegkommunikációs és Szolgáltató Korlátolt Felelősségű Társaság,1027,Budapest XI. kerület Önkormányzata,,,,,,,,
33349,Újpesti napló ,92990,Újpesti Sajtó Szolgáltató Nonprofit Korlátolt Felelősségű Társaság,1025,Budapest IV. kerület Önkormányzata,,,,,,,,
33358,Utazás plusz ...,91149,HVG ONLINE Internetes Fejlesztő Kereskedelmi Szolgáltató és Tanácsadó Zártkörűen Működő Részvénytársaság,1142,Ost Holding GmbH,,,,,,,,
33366,Ügyes (lapcsoport),90180,AXEL SPRINGER-BUDAPEST KIADÓI Kft,1352,Bérczi Zsuzsanna,1347,dr. Bayer József,1353,Bayer Iván,1354,Bayer Zsuzsanna,1010,Axel Springer AG
33382,Üzleti 7,91679,MKIK Szolgáltató Nonprofit Korlátolt Felelősségű Társaság,1120,Magyar Kereskedelmi és Iparkamara,,,,,,,,
33405,Életképek (Városházi napló),92518,Ringier Kiadó Korlátolt Felelősségű Társaság,1160,Ringier AG,,,,,,,,
33417,Vas népe,93510,Vas Népe Reklám-Propaganda és Kiadói Betéti Társaság,1142,Ost Holding GmbH,,,,,,,,
33424,Vasárnapi észak,93346,"INFORM MÉDIA Lapkiadó, Információs és Kulturális Korlátolt Felelősségű Társaság",1093,Inform Media GmbH,,,,,,,,
33427,Vasárnapi hírek,90938,Geomédia Kiadói Zártkörűen Működő Részvénytársaság,245748,GEOHOLDING Vállalkozási Zrt.,,,,,,,,
33428,Vasárnapi kelet,93346,"INFORM MÉDIA Lapkiadó, Információs és Kulturális Korlátolt Felelősségű Társaság",1093,Inform Media GmbH,,,,,,,,
33430,Vasárnapi napló,93346,"INFORM MÉDIA Lapkiadó, Információs és Kulturális Korlátolt Felelősségű Társaság",1093,Inform Media GmbH,,,,,,,,
33477,Veszprémi 7 nap,91798,Maraton Lapcsoport-Multivizió Kiadói Korlátolt Felelősségű Társaság,1142,Ost Holding GmbH,,,,,,,,
33493,Vidék íze,90938,Geomédia Kiadói Zártkörűen Működő Részvénytársaság,245748,GEOHOLDING Vállalkozási Zrt.,,,,,,,,
33499,Világgazdaság,93186,Zöld Újság Tömegkommunikációs és Kiadói Zártkörűen Működő Részvénytársaság,1352,Bérczi Zsuzsanna,1347,dr. Bayer József,1353,Bayer Iván,1354,Bayer Zsuzsanna,1427,AXEL SPRINGER VERLAG AG
33513,Vital magazin,90043,Absolut Media Szolgáltató és Kereskedelmi Korlátolt Felelősségű Társaság,1022,Botka Tamás,1163,ROSARIUM GLOBAL Inc,,,,,,
33515,Vitorlázás magazin,999999,Egyéb üzemeltető,,,,,,,,,,
33536,Wellness,92564,Sanoma Budapest Kiadói Zártkörűen Működő Részvénytársaság,1171,Sanoma Magazines Internatinal B. V.,,,,,,,,
33543,XIII. kerületi hírnök ,92645,Sprint Kereskedelmi és Szolgáltató Korlátolt Felelősségű Társaság,1117,Machos Ferenc,1118,Machos Ferencné,,,,,,
33546,Yacht magazin,93546,Heti Világgazdaság Kiadói Zártkörűen Működő Részvénytársaság,1142,Ost Holding GmbH,,,,,,,,
33560,Zalai hírlap,93165,Zalai Hírlap Kiadói Betéti Társaság,1142,Ost Holding GmbH,,,,,,,,
33570,Zemplén szuperinfó,91917,SZUPERINFÓ-KELET Hirdető és Lapterjesztő Korlátolt Felelősségű Társaság,1093,Inform Media GmbH,,,,,,,,
33591,Zsaru,90043,Absolut Media Szolgáltató és Kereskedelmi Korlátolt Felelősségű Társaság,1022,Botka Tamás,1163,ROSARIUM GLOBAL Inc,,,,,,
33616,Fitt mama,91813,Marquard Média Magyarország Kiadó Korlátolt Felelősségű Társaság,1125,Marquard Media AG,,,,,,,,
33620,Helyi téma (lapcsoport) ,92881,Théma Lapkiadó Kereskedelmi és Szolgáltatási Korlátolt Felelősségű Társaság,1211,Vitézy Tamás,1346,Primatum FCP Specialized Investment Fund,,,,,,
33621,Itthon (lapcsoport) ,90938,Geomédia Kiadói Zártkörűen Működő Részvénytársaság,245748,GEOHOLDING Vállalkozási Zrt.,,,,,,,,
33626,A 100 leggazdagabb,92066,Napi Gazdaság Kiadó Korlátolt Felelősségű Társaság,1109,Korányi Tamás,1324,Whitestone International Ltd.,,,,,,
33636,Szuperinfó (lapcsoport) ,92807,SZUPERINFO MAGYARORSZÁG Országos Laphálózatszervező és Tanácsadó Korlátolt Felelősségű Társaság,1093,Inform Media GmbH,,,,,,,,
33637,Value,93186,Zöld Újság Tömegkommunikációs és Kiadói Zártkörűen Működő Részvénytársaság,1352,Bérczi Zsuzsanna,1347,dr. Bayer József,1353,Bayer Iván,1354,Bayer Zsuzsanna,1427,AXEL SPRINGER VERLAG AG
33748,Befektetés plusz …,91149,HVG ONLINE Internetes Fejlesztő Kereskedelmi Szolgáltató és Tanácsadó Zártkörűen Működő Részvénytársaság,1142,Ost Holding GmbH,,,,,,,,
33835,Szeged infó (Délmagyarország programpont) ,91548,Lapcom Lapkiadó és Nyomdaipari Korlátolt Felelősségü Társaság,1421,A&N International Media Limited,,,,,,,,
33836,Délvilág programpont ,91548,Lapcom Lapkiadó és Nyomdaipari Korlátolt Felelősségü Társaság,1421,A&N International Media Limited,,,,,,,,
33852,Béres egészség,92564,Sanoma Budapest Kiadói Zártkörűen Működő Részvénytársaság,1171,Sanoma Magazines Internatinal B. V.,,,,,,,,
33867,Energia magazin,91040,Haszon Lapkiadó Korlátolt Felelősségű Társaság,1181,Stipsicz Beteiligungs GmbH,,,,,,,,
33894,Exclusive Playboy,999999,Egyéb üzemeltető,,,,,,,,,,
33905,Pecavilág,92645,Sprint Kereskedelmi és Szolgáltató Korlátolt Felelősségű Társaság,1117,Machos Ferenc,1118,Machos Ferencné,,,,,,
33941,Gyöngyösi újság (Gyöngyösi mozaik),999999,Egyéb üzemeltető,,,,,,,,,,
34178,Mátraalja,90181,Axel Springer- Magyarország Korlátolt Felelősségű Társaság,1352,Bérczi Zsuzsanna,1347,dr. Bayer József,1353,Bayer Iván,1354,Bayer Zsuzsanna,1010,Axel Springer AG
34188,Mercedes-Benz magazin,999999,Egyéb üzemeltető,,,,,,,,,,
34353,Portfolio ingatlan magazin (Resource),93414,Net Média Kiadó és Internet Tartalomszolgáltató Zártkörűen Működő Részvénytársaság,1139,Net. IPO Aktiengesellschaft,1115,Ladomerszky Zsolt,1168,Sándorfi Mihályné,,,,
34430,Szuflé,92564,Sanoma Budapest Kiadói Zártkörűen Működő Részvénytársaság,1171,Sanoma Magazines Internatinal B. V.,,,,,,,,
34489,Trend magazin csak férfiaknak ,91548,Lapcom Lapkiadó és Nyomdaipari Korlátolt Felelősségü Társaság,1421,A&N International Media Limited,,,,,,,,
34490,Trend magazin csak nőknek ,91548,Lapcom Lapkiadó és Nyomdaipari Korlátolt Felelősségü Társaság,1421,A&N International Media Limited,,,,,,,,
34589,Lifestyle plusz …,91149,HVG ONLINE Internetes Fejlesztő Kereskedelmi Szolgáltató és Tanácsadó Zártkörűen Működő Részvénytársaság,1142,Ost Holding GmbH,,,,,,,,
34592,Népszabadság Top-kiadványok,92090,Népszabadság Kiadó és Nyomdaipari Zártkörűen Működő Részvénytársaság,1160,Ringier AG,,,,,,,,
34597,Grátisz (lapcsoport) ,90181,Axel Springer- Magyarország Korlátolt Felelősségű Társaság,1352,Bérczi Zsuzsanna,1347,dr. Bayer József,1353,Bayer Iván,1354,Bayer Zsuzsanna,1010,Axel Springer AG
34601,Tipp (lapcsoport) ,93346,"INFORM MÉDIA Lapkiadó, Információs és Kulturális Korlátolt Felelősségű Társaság",1093,Inform Media GmbH,,,,,,,,
34623,Bor & pálinka plusz,91149,HVG ONLINE Internetes Fejlesztő Kereskedelmi Szolgáltató és Tanácsadó Zártkörűen Működő Részvénytársaság,1142,Ost Holding GmbH,,,,,,,,
34673,"Top 50, 100 (lapcsoport)",90181,Axel Springer- Magyarország Korlátolt Felelősségű Társaság,1352,Bérczi Zsuzsanna,1347,dr. Bayer József,1353,Bayer Iván,1354,Bayer Zsuzsanna,1010,Axel Springer AG
34688,Délmagyarország Breki,91548,Lapcom Lapkiadó és Nyomdaipari Korlátolt Felelősségü Társaság,1421,A&N International Media Limited,,,,,,,,
34814,Budapesti újság city,92368,POP Print és Online Piac Korlátolt Felelősségű Társaság,1093,Inform Media GmbH,,,,,,,,
34831,Eszes (lapcsoport),90180,AXEL SPRINGER-BUDAPEST KIADÓI Kft,1352,Bérczi Zsuzsanna,1347,dr. Bayer József,1353,Bayer Iván,1354,Bayer Zsuzsanna,1010,Axel Springer AG
34874,Jászapáti hírmondó,999999,Egyéb üzemeltető,,,,,,,,,,
34956,Rouge,90043,Absolut Media Szolgáltató és Kereskedelmi Korlátolt Felelősségű Társaság,1022,Botka Tamás,1163,ROSARIUM GLOBAL Inc,,,,,,
34972,Szajoli krónika,999999,Egyéb üzemeltető,,,,,,,,,,
34974,Szegedi hirdető ,91548,Lapcom Lapkiadó és Nyomdaipari Korlátolt Felelősségü Társaság,1421,A&N International Media Limited,,,,,,,,
35182,E.ON világ ,999999,Egyéb üzemeltető,,,,,,,,,,
35249,Korzó magazin ,90181,Axel Springer- Magyarország Korlátolt Felelősségű Társaság,1352,Bérczi Zsuzsanna,1347,dr. Bayer József,1353,Bayer Iván,1354,Bayer Zsuzsanna,1010,Axel Springer AG
35270,N+ kókusz,92090,Népszabadság Kiadó és Nyomdaipari Zártkörűen Működő Részvénytársaság,1160,Ringier AG,,,,,,,,
35319,Termosz ,92518,Ringier Kiadó Korlátolt Felelősségű Társaság,1160,Ringier AG,,,,,,,,
35563,Magyar bazár (lapcsoport) ,91548,Lapcom Lapkiadó és Nyomdaipari Korlátolt Felelősségü Társaság,1421,A&N International Media Limited,,,,,,,,
35632,Hajdúszoboszló szuperinfó,999999,Egyéb üzemeltető,,,,,,,,,,
35672,Maraton Lapcsoport (lapcsoport) ,91798,Maraton Lapcsoport-Multivizió Kiadói Korlátolt Felelősségű Társaság,1142,Ost Holding GmbH,,,,,,,,
35707,Aréna magazin,90043,Absolut Media Szolgáltató és Kereskedelmi Korlátolt Felelősségű Társaság,1022,Botka Tamás,1163,ROSARIUM GLOBAL Inc,,,,,,
35708,Top 100 + (lapcsoport),92258,Pannon Lapok Társasága Kiadói Korlátolt Felelősségű Társaság,1142,Ost Holding GmbH,,,,,,,,
35710,Gáz.áram ,999999,Egyéb üzemeltető,,,,,,,,,,
35711,Fine restaurants,90043,Absolut Media Szolgáltató és Kereskedelmi Korlátolt Felelősségű Társaság,1022,Botka Tamás,1163,ROSARIUM GLOBAL Inc,,,,,,
35714,Business who is who,90043,Absolut Media Szolgáltató és Kereskedelmi Korlátolt Felelősségű Társaság,1022,Botka Tamás,1163,ROSARIUM GLOBAL Inc,,,,,,
35715,Contemporary art in Hungary,90043,Absolut Media Szolgáltató és Kereskedelmi Korlátolt Felelősségű Társaság,1022,Botka Tamás,1163,ROSARIUM GLOBAL Inc,,,,,,
35968,Győr+ hetilap,999999,Egyéb üzemeltető,,,,,,,,,,
35972,Gasztro magazin ,91548,Lapcom Lapkiadó és Nyomdaipari Korlátolt Felelősségü Társaság,1421,A&N International Media Limited,,,,,,,,
35973,Diploma …,93546,Heti Világgazdaság Kiadói Zártkörűen Működő Részvénytársaság,1142,Ost Holding GmbH,,,,,,,,
36084,Vasárnap reggel (lapcsoport) ,90181,Axel Springer- Magyarország Korlátolt Felelősségű Társaság,1352,Bérczi Zsuzsanna,1347,dr. Bayer József,1353,Bayer Iván,1354,Bayer Zsuzsanna,1010,Axel Springer AG
36209,Debreceni szuperinfó ,96100,"Krekk-Info Reklám, Terjesztési és Szolgáltató Nonprofit Korlátolt Felelősségű Társaság",1093,Inform Media GmbH,,,,,,,,
36222,Hajdúsági szuperinfó ,96100,"Krekk-Info Reklám, Terjesztési és Szolgáltató Nonprofit Korlátolt Felelősségű Társaság",1093,Inform Media GmbH,,,,,,,,
36273,Szeged körzeti szuperinfó,97373,SZUPERINFÓ DÉL-KELET MÉDIA Korlátolt Felelősségű Társaság,1197,Tóbiásné Kőrffy Andrea,1174,Savanya Zsolt,1104,Kiss Gábor Zoltán,1093,Inform Media GmbH,,
36598,Asztrológiai előrejelzés,92564,Sanoma Budapest Kiadói Zártkörűen Működő Részvénytársaság,1171,Sanoma Magazines Internatinal B. V.,,,,,,,,
36648,Nyugat-balatoni szuperinfó ,97854,Helikon Infó Informatikai és Szolgáltató Korlátolt Felelősségű Társaság,1095,Iski Zsolt Ferenc,1158,Rigó János,,,,,,
36675,Siófoki szuperinfó,999999,Egyéb üzemeltető,,,,,,,,,,
36810,Városunk Salgótarján grátisz,999999,Egyéb üzemeltető,,,,,,,,,,
36987,Vác és vonzáskörzete szuperinfó,999999,Egyéb üzemeltető,,,,,,,,,,
36989,Szabolcs-Szatmár-Bereg megyei szuperinfó ,91917,SZUPERINFÓ-KELET Hirdető és Lapterjesztő Korlátolt Felelősségű Társaság,1093,Inform Media GmbH,,,,,,,,
37031,Pontyvilág,92645,Sprint Kereskedelmi és Szolgáltató Korlátolt Felelősségű Társaság,1117,Machos Ferenc,1118,Machos Ferencné,,,,,,
37036,Régiópress ,999999,Egyéb üzemeltető,,,,,,,,,,
37177,Voice,90043,Absolut Media Szolgáltató és Kereskedelmi Korlátolt Felelősségű Társaság,1022,Botka Tamás,1163,ROSARIUM GLOBAL Inc,,,,,,
37241,50 követendő példa a sikerre,91084,Heti Válasz Lap- és Könyvkiadó Szolgáltató Korlátolt Felelősségű Társaság,885715,Infocenter.hu Média Befektetési Zrt.,,,,,,,,
37393,Kecskemét szuperinfó,91108,Hírös Modul Szuperinfó Korlátolt Felelősségű Társaság,1213,Zakar Kristóf,1212,Zakar Dávid,1214,Zakar László,,,,
37489,Ház magazin ,91108,Hírös Modul Szuperinfó Korlátolt Felelősségű Társaság,1213,Zakar Kristóf,1212,Zakar Dávid,1214,Zakar László,,,,
37611,Rába magazin ,91548,Lapcom Lapkiadó és Nyomdaipari Korlátolt Felelősségü Társaság,1421,A&N International Media Limited,,,,,,,,
38676,Grabo cégtükör ,999999,Egyéb üzemeltető,,,,,,,,,,
50001,168ora.hu,92851,Telegráf Kiadó Korlátolt Felelősségű Társaság,1190,Szilvásy Rudolf,1384,Bölcs Dóra,1385,Bölcs István,1386,Bölcs Ádám,1387,Mester Ákos
50002,24ora.hu,90181,Axel Springer- Magyarország Korlátolt Felelősségű Társaság,1352,Bérczi Zsuzsanna,1347,dr. Bayer József,1353,Bayer Iván,1354,Bayer Zsuzsanna,1010,Axel Springer AG
50005,50plusz.hu,999999,Egyéb üzemeltető,,,,,,,,,,
50008,a100leggazdagabb.hu,92066,Napi Gazdaság Kiadó Korlátolt Felelősségű Társaság,1109,Korányi Tamás,1324,Whitestone International Ltd.,,,,,,
50018,adozona.hu,93546,Heti Világgazdaság Kiadói Zártkörűen Működő Részvénytársaság,1142,Ost Holding GmbH,,,,,,,,
50024,allas.ma,92564,Sanoma Budapest Kiadói Zártkörűen Működő Részvénytársaság,1171,Sanoma Magazines Internatinal B. V.,,,,,,,,
50026,alompar.hu,93258,IM-DIGITAL Szolgáltató Korlátolt Felelősségű Társaság,1093,Inform Media GmbH,,,,,,,,
50033,anyuci.hu,999999,Egyéb üzemeltető,,,,,,,,,,
50034,aprohirdetes-ingyen.hu,92518,Ringier Kiadó Korlátolt Felelősségű Társaság,1160,Ringier AG,,,,,,,,
50035,apronet.hu,93546,Heti Világgazdaság Kiadói Zártkörűen Működő Részvénytársaság,1142,Ost Holding GmbH,,,,,,,,
50036,apuci.hu,999999,Egyéb üzemeltető,,,,,,,,,,
50039,astronet.hu,90180,AXEL SPRINGER-BUDAPEST KIADÓI Kft,1352,Bérczi Zsuzsanna,1347,dr. Bayer József,1353,Bayer Iván,1354,Bayer Zsuzsanna,1010,Axel Springer AG
50040,atv.hu,90167,ATV Első Magyar Magántelevíziós Zártkörűen Működő Részvénytársaság,1376,HIT ÉS ERKÖLCS KULTURÁLIS ALAP,1377,HIT GYÜLEKEZETE,1378,X & A Marketing and Holding Limited,,,,
50041,atvugyvedje.hu,90167,ATV Első Magyar Magántelevíziós Zártkörűen Működő Részvénytársaság,1376,HIT ÉS ERKÖLCS KULTURÁLIS ALAP,1377,HIT GYÜLEKEZETE,1378,X & A Marketing and Holding Limited,,,,
50044,autobazar.hu,91548,Lapcom Lapkiadó és Nyomdaipari Korlátolt Felelősségü Társaság,1421,A&N International Media Limited,,,,,,,,
50047,automagazin.hu,92564,Sanoma Budapest Kiadói Zártkörűen Működő Részvénytársaság,1171,Sanoma Magazines Internatinal B. V.,,,,,,,,
50048,automenedzser.hu,93546,Heti Világgazdaság Kiadói Zártkörűen Működő Részvénytársaság,1142,Ost Holding GmbH,,,,,,,,
50049,automotor.hu,90180,AXEL SPRINGER-BUDAPEST KIADÓI Kft,1352,Bérczi Zsuzsanna,1347,dr. Bayer József,1353,Bayer Iván,1354,Bayer Zsuzsanna,1010,Axel Springer AG
50050,autonavigator.hu,999999,Egyéb üzemeltető,,,,,,,,,,
50051,autopro.hu,91548,Lapcom Lapkiadó és Nyomdaipari Korlátolt Felelősségü Társaság,1421,A&N International Media Limited,,,,,,,,
50053,axelspringer.hu,90181,Axel Springer- Magyarország Korlátolt Felelősségű Társaság,1352,Bérczi Zsuzsanna,1347,dr. Bayer József,1353,Bayer Iván,1354,Bayer Zsuzsanna,1010,Axel Springer AG
50058,babaszoba.hu,999999,Egyéb üzemeltető,,,,,,,,,,
50059,babazo.hu,92176,Origo Média és Kommunikációs Szolgáltató Zártkörűen Működő Részvénytársaság,245759,Magyar Telekom Távközlési Nyrt.,,,,,,,,
50061,bama.hu,90181,Axel Springer- Magyarország Korlátolt Felelősségű Társaság,1352,Bérczi Zsuzsanna,1347,dr. Bayer József,1353,Bayer Iván,1354,Bayer Zsuzsanna,1010,Axel Springer AG
50063,baon.hu,90181,Axel Springer- Magyarország Korlátolt Felelősségű Társaság,1352,Bérczi Zsuzsanna,1347,dr. Bayer József,1353,Bayer Iván,1354,Bayer Zsuzsanna,1010,Axel Springer AG
50065,baratok.hu,91722,Magyar RTL Televízió Zártkörűen Működő Részvénytársaság,1323,S.I.G. Kapital SA,1032,CLT UFA S. A,,,,,,
50066,bazar.hu,91548,Lapcom Lapkiadó és Nyomdaipari Korlátolt Felelősségü Társaság,1421,A&N International Media Limited,,,,,,,,
50069,belepo.hu,92518,Ringier Kiadó Korlátolt Felelősségű Társaság,1160,Ringier AG,,,,,,,,
50070,beol.hu,90181,Axel Springer- Magyarország Korlátolt Felelősségű Társaság,1352,Bérczi Zsuzsanna,1347,dr. Bayer József,1353,Bayer Iván,1354,Bayer Zsuzsanna,1010,Axel Springer AG
50071,bestmagazin.hu,92564,Sanoma Budapest Kiadói Zártkörűen Működő Részvénytársaság,1171,Sanoma Magazines Internatinal B. V.,,,,,,,,
50075,biopiac.net,999999,Egyéb üzemeltető,,,,,,,,,,
50077,birodalom.hu,999999,Egyéb üzemeltető,,,,,,,,,,
50083,blikk.hu,92518,Ringier Kiadó Korlátolt Felelősségű Társaság,1160,Ringier AG,,,,,,,,
50084,blog.hu,93343,Inda-Labs Informatikai Szolgáltató Zárkörűen Működő Részvénytársaság,1324,Whitestone International Ltd.,,,,,,,,
50085,blogger.hu,999999,Egyéb üzemeltető,,,,,,,,,,
50086,blogol.hu,999999,Egyéb üzemeltető,,,,,,,,,,
50089,blog.nepsport.hu (blogzona.hu),92518,Ringier Kiadó Korlátolt Felelősségű Társaság,1160,Ringier AG,,,,,,,,
50090,bmhirlap.hu,999999,Egyéb üzemeltető,,,,,,,,,,
50091,book.hu,999999,Egyéb üzemeltető,,,,,,,,,,
50094,boon.hu,93346,"INFORM MÉDIA Lapkiadó, Információs és Kulturális Korlátolt Felelősségű Társaság",1093,Inform Media GmbH,,,,,,,,
50097,borsodiapro.hu,93346,"INFORM MÉDIA Lapkiadó, Információs és Kulturális Korlátolt Felelősségű Társaság",1093,Inform Media GmbH,,,,,,,,
50098,borsonline.hu,999999,Egyéb üzemeltető,,,,,,,,,,
50107,cgr.hu,91548,Lapcom Lapkiadó és Nyomdaipari Korlátolt Felelősségü Társaság,1421,A&N International Media Limited,,,,,,,,
50108,chat.hu,999999,Egyéb üzemeltető,,,,,,,,,,
50110,chiponline.hu,999999,Egyéb üzemeltető,,,,,,,,,,
50111,citromail.hu,92564,Sanoma Budapest Kiadói Zártkörűen Működő Részvénytársaság,1171,Sanoma Magazines Internatinal B. V.,,,,,,,,
50113,ckm.hu,91813,Marquard Média Magyarország Kiadó Korlátolt Felelősségű Társaság,1125,Marquard Media AG,,,,,,,,
50116,commune.hu,93346,"INFORM MÉDIA Lapkiadó, Információs és Kulturális Korlátolt Felelősségű Társaság",1093,Inform Media GmbH,,,,,,,,
50119,cosmopolitan.hu,91051,Hearst Sanoma Budapest Kiadói Korlátolt Felelősségű Társaság,1170,Sanoma Budapest Kiadói Zrt.,1085,Hearst Communications Inc.,,,,,,
50120,cotcot.hu,999999,Egyéb üzemeltető,,,,,,,,,,
50122,cvonline.hu,93258,IM-DIGITAL Szolgáltató Korlátolt Felelősségű Társaság,1093,Inform Media GmbH,,,,,,,,
50131,data.hu,999999,Egyéb üzemeltető,,,,,,,,,,
50134,dehir.hu,90518,Debrecen Városi Televízió Korlátolt Felelősségű Társaság,1425,Debrecen Önkormányzata,,,,,,,,
50135,deliapro.hu,91548,Lapcom Lapkiadó és Nyomdaipari Korlátolt Felelősségü Társaság,1421,A&N International Media Limited,,,,,,,,
50136,delmagyar.hu,91548,Lapcom Lapkiadó és Nyomdaipari Korlátolt Felelősségü Társaság,1421,A&N International Media Limited,,,,,,,,
50139,duol.hu (dh-online.hu),91105,Hírlap Press Kiadói Betéti Társaság,1142,Ost Holding GmbH,,,,,,,,
50145,divat.hu,999999,Egyéb üzemeltető,,,,,,,,,,
50149,donna.hu,999999,Egyéb üzemeltető,,,,,,,,,,
50150,donnalight.hu,999999,Egyéb üzemeltető,,,,,,,,,,
50153,dunantulinaplo.hu,90181,Axel Springer- Magyarország Korlátolt Felelősségű Társaság,1352,Bérczi Zsuzsanna,1347,dr. Bayer József,1353,Bayer Iván,1354,Bayer Zsuzsanna,1010,Axel Springer AG
50154,dunatv.hu,90621,Duna Televízió Nonprofit Zártkörűen Működő Részvénytársaság,1090,Hungária Televízió Közalapítvány,,,,,,,,
50158,ecoline.hu,93546,Heti Világgazdaság Kiadói Zártkörűen Működő Részvénytársaság,1142,Ost Holding GmbH,,,,,,,,
50159,edenkert.hu,93346,"INFORM MÉDIA Lapkiadó, Információs és Kulturális Korlátolt Felelősségű Társaság",1093,Inform Media GmbH,,,,,,,,
50160,eduline.hu,93546,Heti Világgazdaság Kiadói Zártkörűen Működő Részvénytársaság,1142,Ost Holding GmbH,,,,,,,,
50163,egeszsegbolt.hu,999999,Egyéb üzemeltető,,,,,,,,,,
50166,eharlequin.hu,90181,Axel Springer- Magyarország Korlátolt Felelősségű Társaság,1352,Bérczi Zsuzsanna,1347,dr. Bayer József,1353,Bayer Iván,1354,Bayer Zsuzsanna,1010,Axel Springer AG
50169,ellemagazin.hu (elle.hu),999999,Egyéb üzemeltető,,,,,,,,,,
50172,eoldal.hu,92564,Sanoma Budapest Kiadói Zártkörűen Működő Részvénytársaság,1171,Sanoma Magazines Internatinal B. V.,,,,,,,,
50182,evamagazin.hu,91813,Marquard Média Magyarország Kiadó Korlátolt Felelősségű Társaság,1125,Marquard Media AG,,,,,,,,
50188,f1csatorna.hu,92258,Pannon Lapok Társasága Kiadói Korlátolt Felelősségű Társaság,1142,Ost Holding GmbH,,,,,,,,
50189,f1hirek.hu,92176,Origo Média és Kommunikációs Szolgáltató Zártkörűen Működő Részvénytársaság,245759,Magyar Telekom Távközlési Nyrt.,,,,,,,,
50196,fanzone.hu,92518,Ringier Kiadó Korlátolt Felelősségű Társaság,1160,Ringier AG,,,,,,,,
50198,farm.hu,999999,Egyéb üzemeltető,,,,,,,,,,
50199,fashion.hu,999999,Egyéb üzemeltető,,,,,,,,,,
50206,figyuzz.hu,90181,Axel Springer- Magyarország Korlátolt Felelősségű Társaság,1352,Bérczi Zsuzsanna,1347,dr. Bayer József,1353,Bayer Iván,1354,Bayer Zsuzsanna,1010,Axel Springer AG
50210,feol.hu (fmh.hu),91105,Hírlap Press Kiadói Betéti Társaság,1142,Ost Holding GmbH,,,,,,,,
50212,24.hu/fn/ (fn.hu),92564,Sanoma Budapest Kiadói Zártkörűen Működő Részvénytársaság,1171,Sanoma Magazines Internatinal B. V.,,,,,,,,
50217,forum.index.hu,93343,Inda-Labs Informatikai Szolgáltató Zárkörűen Működő Részvénytársaság,1324,Whitestone International Ltd.,,,,,,,,
50224,freemail.hu,92176,Origo Média és Kommunikációs Szolgáltató Zártkörűen Működő Részvénytársaság,245759,Magyar Telekom Távközlési Nyrt.,,,,,,,,
50227,freeweb.hu,999999,Egyéb üzemeltető,,,,,,,,,,
50241,geographic.hu,92564,Sanoma Budapest Kiadói Zártkörűen Működő Részvénytársaság,1171,Sanoma Magazines Internatinal B. V.,,,,,,,,
50243,glamouronline.hu (glamour.hu),90180,AXEL SPRINGER-BUDAPEST KIADÓI Kft,1352,Bérczi Zsuzsanna,1347,dr. Bayer József,1353,Bayer Iván,1354,Bayer Zsuzsanna,1010,Axel Springer AG
50249,gphirek.hu,999999,Egyéb üzemeltető,,,,,,,,,,
50251,gportal.hu,92176,Origo Média és Kommunikációs Szolgáltató Zártkörűen Működő Részvénytársaság,245759,Magyar Telekom Távközlési Nyrt.,,,,,,,,
50256,gyaszhir.hu,93346,"INFORM MÉDIA Lapkiadó, Információs és Kulturális Korlátolt Felelősségű Társaság",1093,Inform Media GmbH,,,,,,,,
50270,haon.hu,93346,"INFORM MÉDIA Lapkiadó, Információs és Kulturális Korlátolt Felelősségű Társaság",1093,Inform Media GmbH,,,,,,,,
50282,haziallat.hu,93258,IM-DIGITAL Szolgáltató Korlátolt Felelősségű Társaság,1093,Inform Media GmbH,,,,,,,,
50284,hazipatika.com,999999,Egyéb üzemeltető,,,,,,,,,,
50288,heol.hu,90181,Axel Springer- Magyarország Korlátolt Felelősségű Társaság,1352,Bérczi Zsuzsanna,1347,dr. Bayer József,1353,Bayer Iván,1354,Bayer Zsuzsanna,1010,Axel Springer AG
50289,valasz.hu (hetivalasz.hu),91084,Heti Válasz Lap- és Könyvkiadó Szolgáltató Korlátolt Felelősségű Társaság,885715,Infocenter.hu Média Befektetési Zrt.,,,,,,,,
50290,hevesiapro.hu,93346,"INFORM MÉDIA Lapkiadó, Információs és Kulturális Korlátolt Felelősségű Társaság",1093,Inform Media GmbH,,,,,,,,
50291,hevesmegyeihirlap.hu,90181,Axel Springer- Magyarország Korlátolt Felelősségű Társaság,1352,Bérczi Zsuzsanna,1347,dr. Bayer József,1353,Bayer Iván,1354,Bayer Zsuzsanna,1010,Axel Springer AG
50296,24.hu (hir24.hu),92564,Sanoma Budapest Kiadói Zártkörűen Működő Részvénytársaság,1171,Sanoma Magazines Internatinal B. V.,,,,,,,,
50298,hirado.hu,91738,Magyar Televízió Nonprofit Zártkörűen Működő Részvénytársaság,1111,Közszolgálati Közalapítvány,,,,,,,,
50305,hirportal.hu,90181,Axel Springer- Magyarország Korlátolt Felelősségű Társaság,1352,Bérczi Zsuzsanna,1347,dr. Bayer József,1353,Bayer Iván,1354,Bayer Zsuzsanna,1010,Axel Springer AG
50306,hirposta.hu,999999,Egyéb üzemeltető,,,,,,,,,,
50307,hirstart.hu,92564,Sanoma Budapest Kiadói Zártkörűen Működő Részvénytársaság,1171,Sanoma Magazines Internatinal B. V.,,,,,,,,
50308,hirszerzo.hu,93546,Heti Világgazdaság Kiadói Zártkörűen Működő Részvénytársaság,1142,Ost Holding GmbH,,,,,,,,
50309,hirtv.hu,91112,HírTV Műsorszolgáltató és Hirdetésszervező Zártkörűen Működő Részvénytársaság,1202,Töröcskei István,248035,PRO-AURUM Vagyonkezelő Zrt.,,,,,,
50311,hitelkalkulator.hu,93414,Net Média Kiadó és Internet Tartalomszolgáltató Zártkörűen Működő Részvénytársaság,1139,Net. IPO Aktiengesellschaft,1115,Ladomerszky Zsolt,1168,Sándorfi Mihályné,,,,
50317,hotdog.hu,92564,Sanoma Budapest Kiadói Zártkörűen Működő Részvénytársaság,1171,Sanoma Magazines Internatinal B. V.,,,,,,,,
50325,hvg.hu,93546,Heti Világgazdaság Kiadói Zártkörűen Működő Részvénytársaság,1142,Ost Holding GmbH,,,,,,,,
50333,inda.hu,93343,Inda-Labs Informatikai Szolgáltató Zárkörűen Működő Részvénytársaság,1324,Whitestone International Ltd.,,,,,,,,
50334,indafon.hu,93343,Inda-Labs Informatikai Szolgáltató Zárkörűen Működő Részvénytársaság,1324,Whitestone International Ltd.,,,,,,,,
50335,indafoto.hu,93343,Inda-Labs Informatikai Szolgáltató Zárkörűen Működő Részvénytársaság,1324,Whitestone International Ltd.,,,,,,,,
50336,indamail.hu,93343,Inda-Labs Informatikai Szolgáltató Zárkörűen Működő Részvénytársaság,1324,Whitestone International Ltd.,,,,,,,,
50337,indanet.hu,93343,Inda-Labs Informatikai Szolgáltató Zárkörűen Működő Részvénytársaság,1324,Whitestone International Ltd.,,,,,,,,
50338,indapass.hu,93343,Inda-Labs Informatikai Szolgáltató Zárkörűen Működő Részvénytársaság,1324,Whitestone International Ltd.,,,,,,,,
50339,indavideo.hu,93344,Index.hu Informatikai Zártkörűen Működő Részvénytársaság,1324,Whitestone International Ltd.,,,,,,,,
50340,index.hu,93344,Index.hu Informatikai Zártkörűen Működő Részvénytársaság,1324,Whitestone International Ltd.,,,,,,,,
50341,inforadio.hu,91186,Inforádió Műsorszolgáltató Korlátolt Felelősségű Társaság,1324,Whitestone International Ltd.,,,,,,,,
50347,ingatlanbazar.hu,91548,Lapcom Lapkiadó és Nyomdaipari Korlátolt Felelősségü Társaság,1421,A&N International Media Limited,,,,,,,,
50349,ingatlanmenedzser.hu,93546,Heti Világgazdaság Kiadói Zártkörűen Működő Részvénytársaság,1142,Ost Holding GmbH,,,,,,,,
50350,ingatlanok.hu,999999,Egyéb üzemeltető,,,,,,,,,,
50360,istenhozta.hu,91548,Lapcom Lapkiadó és Nyomdaipari Korlátolt Felelősségü Társaság,1421,A&N International Media Limited,,,,,,,,
50364,iwiw.hu,92176,Origo Média és Kommunikációs Szolgáltató Zártkörűen Működő Részvénytársaság,245759,Magyar Telekom Távközlési Nyrt.,,,,,,,,
50369,jobline.hu,93546,Heti Világgazdaság Kiadói Zártkörűen Működő Részvénytársaság,1142,Ost Holding GmbH,,,,,,,,
50370,jobmonitor.hu,92564,Sanoma Budapest Kiadói Zártkörűen Működő Részvénytársaság,1171,Sanoma Magazines Internatinal B. V.,,,,,,,,
50372,jojatek.hu,999999,Egyéb üzemeltető,,,,,,,,,,
50373,jovicc.hu,90180,AXEL SPRINGER-BUDAPEST KIADÓI Kft,1352,Bérczi Zsuzsanna,1347,dr. Bayer József,1353,Bayer Iván,1354,Bayer Zsuzsanna,1010,Axel Springer AG
50375,joy.hu,91813,Marquard Média Magyarország Kiadó Korlátolt Felelősségű Társaság,1125,Marquard Media AG,,,,,,,,
50376,juj.hu,999999,Egyéb üzemeltető,,,,,,,,,,
50383,karacsony.hu,999999,Egyéb üzemeltető,,,,,,,,,,
50388,keletiapro.hu,93346,"INFORM MÉDIA Lapkiadó, Információs és Kulturális Korlátolt Felelősségű Társaság",1093,Inform Media GmbH,,,,,,,,
50390,kemma.hu,90181,Axel Springer- Magyarország Korlátolt Felelősségű Társaság,1352,Bérczi Zsuzsanna,1347,dr. Bayer József,1353,Bayer Iván,1354,Bayer Zsuzsanna,1010,Axel Springer AG
50396,kirakat.hu,92564,Sanoma Budapest Kiadói Zártkörűen Működő Részvénytársaság,1171,Sanoma Magazines Internatinal B. V.,,,,,,,,
50397,kisalfold.hu,91548,Lapcom Lapkiadó és Nyomdaipari Korlátolt Felelősségü Társaság,1421,A&N International Media Limited,,,,,,,,
50398,kiskegyed.hu,90180,AXEL SPRINGER-BUDAPEST KIADÓI Kft,1352,Bérczi Zsuzsanna,1347,dr. Bayer József,1353,Bayer Iván,1354,Bayer Zsuzsanna,1010,Axel Springer AG
50399,kismama.hu,92564,Sanoma Budapest Kiadói Zártkörűen Működő Részvénytársaság,1171,Sanoma Magazines Internatinal B. V.,,,,,,,,
50403,klubradio.hu,999999,Egyéb üzemeltető,,,,,,,,,,
50404,komment.hu,92176,Origo Média és Kommunikációs Szolgáltató Zártkörűen Működő Részvénytársaság,245759,Magyar Telekom Távközlési Nyrt.,,,,,,,,
50417,kvizpart.hu,92176,Origo Média és Kommunikációs Szolgáltató Zártkörűen Működő Részvénytársaság,245759,Magyar Telekom Távközlési Nyrt.,,,,,,,,
50418,lakaskultura.hu,90180,AXEL SPRINGER-BUDAPEST KIADÓI Kft,1352,Bérczi Zsuzsanna,1347,dr. Bayer József,1353,Bayer Iván,1354,Bayer Zsuzsanna,1010,Axel Springer AG
50420,lapcentrum.hu,92518,Ringier Kiadó Korlátolt Felelősségű Társaság,1160,Ringier AG,,,,,,,,
50423,latte.hu,91813,Marquard Média Magyarország Kiadó Korlátolt Felelősségű Társaság,1125,Marquard Media AG,,,,,,,,
50426,lifenetwork.hu,92176,Origo Média és Kommunikációs Szolgáltató Zártkörűen Működő Részvénytársaság,245759,Magyar Telekom Távközlési Nyrt.,,,,,,,,
50427,life-style.hu,93546,Heti Világgazdaság Kiadói Zártkörűen Működő Részvénytársaság,1142,Ost Holding GmbH,,,,,,,,
50438,love.hu,999999,Egyéb üzemeltető,,,,,,,,,,
50444,magyarhirlap.hu,91661,Magyar Hírlap Kiadói Korlátolt Felelősségű Társaság,1417,Széles Gábor,1418,Széles Gáborné,1419,Széles Kinga,1420,Széles Anna,,
50450,marieclaire.hu,92564,Sanoma Budapest Kiadói Zártkörűen Működő Részvénytársaság,1171,Sanoma Magazines Internatinal B. V.,,,,,,,,
50451,mascus.hu,93346,"INFORM MÉDIA Lapkiadó, Információs és Kulturális Korlátolt Felelősségű Társaság",1093,Inform Media GmbH,,,,,,,,
50452,maximanet.hu,92564,Sanoma Budapest Kiadói Zártkörűen Működő Részvénytársaság,1171,Sanoma Magazines Internatinal B. V.,,,,,,,,
50457,medizona.hu,93546,Heti Világgazdaság Kiadói Zártkörűen Működő Részvénytársaság,1142,Ost Holding GmbH,,,,,,,,
50458,meglepetes.hu,92564,Sanoma Budapest Kiadói Zártkörűen Működő Részvénytársaság,1171,Sanoma Magazines Internatinal B. V.,,,,,,,,
50468,meteorologus.hu,999999,Egyéb üzemeltető,,,,,,,,,,
50470,metropol.hu,91998,MTG Metro Gratis Kereskedelmi és Szolgáltató Korlátolt Felelősségű Társaság,1130,Metro International S. A.,,,,,,,,
50476,mindmegette.hu,90180,AXEL SPRINGER-BUDAPEST KIADÓI Kft,1352,Bérczi Zsuzsanna,1347,dr. Bayer József,1353,Bayer Iván,1354,Bayer Zsuzsanna,1010,Axel Springer AG
50480,mitortent.hu,93546,Heti Világgazdaság Kiadói Zártkörűen Működő Részvénytársaság,1142,Ost Holding GmbH,,,,,,,,
50483,mm-online.hu,999999,Egyéb üzemeltető,,,,,,,,,,
50484,mno.hu,92081,Nemzet Lap- és Könyvkiadó Korlátolt Felelősségű Társaság,1050,dr. Liszkay Gábor,248035,PRO-AURUM Vagyonkezelő Zrt.,,,,,,
50488,mobilport.hir24.hu (mobilport.hu),92564,Sanoma Budapest Kiadói Zártkörűen Működő Részvénytársaság,1171,Sanoma Magazines Internatinal B. V.,,,,,,,,
50489,mobilstart.hu,92564,Sanoma Budapest Kiadói Zártkörűen Működő Részvénytársaság,1171,Sanoma Magazines Internatinal B. V.,,,,,,,,
50492,mon.hu,93346,"INFORM MÉDIA Lapkiadó, Információs és Kulturális Korlátolt Felelősségű Társaság",1093,Inform Media GmbH,,,,,,,,
50496,motorrevu.hu,999999,Egyéb üzemeltető,,,,,,,,,,
50497,mozi24.hu,92564,Sanoma Budapest Kiadói Zártkörűen Működő Részvénytársaság,1171,Sanoma Magazines Internatinal B. V.,,,,,,,,
50500,mr2.hu,91719,Magyar Rádió Nonprofit Zártkörűen Működő Részvénytársaság,1121,Magyar Rádió Közalapítvány,,,,,,,,
50502,mti.hu,999999,Egyéb üzemeltető,,,,,,,,,,
50503,mtv.hu,91738,Magyar Televízió Nonprofit Zártkörűen Működő Részvénytársaság,1111,Közszolgálati Közalapítvány,,,,,,,,
50504,multiplay.hu,999999,Egyéb üzemeltető,,,,,,,,,,
50508,sitetalk.com (myclub.hu),999999,Egyéb üzemeltető,,,,,,,,,,
50510,mymap.hu,999999,Egyéb üzemeltető,,,,,,,,,,
50514,myvip.hu,999999,Egyéb üzemeltető,,,,,,,,,,
50519,nana.hu,90180,AXEL SPRINGER-BUDAPEST KIADÓI Kft,1352,Bérczi Zsuzsanna,1347,dr. Bayer József,1353,Bayer Iván,1354,Bayer Zsuzsanna,1010,Axel Springer AG
50520,napi.hu,92066,Napi Gazdaság Kiadó Korlátolt Felelősségű Társaság,1109,Korányi Tamás,1324,Whitestone International Ltd.,,,,,,
50524,veol.hu (naplo-online.hu),91459,Közép-Dunántúli Napló Kiadói Betéti Társaság,1142,Ost Holding GmbH,,,,,,,,
50527,nemzetisport.hu,92518,Ringier Kiadó Korlátolt Felelősségű Társaság,1160,Ringier AG,,,,,,,,
50529,neon.hu,92518,Ringier Kiadó Korlátolt Felelősségű Társaság,1160,Ringier AG,,,,,,,,
50530,nepszava.hu,92092,Népszava Lapkiadó Korlátolt Felelősségű Társaság,1138,Népszava Szerkesztőség Dolgozóinak Szociális Kulturális és Segélyező Egyesülete,1195,TGD Intermedia SA,,,,,,
50537,nlcafe.hu,92564,Sanoma Budapest Kiadói Zártkörűen Működő Részvénytársaság,1171,Sanoma Magazines Internatinal B. V.,,,,,,,,
50538,nleskuvo.hu,92564,Sanoma Budapest Kiadói Zártkörűen Működő Részvénytársaság,1171,Sanoma Magazines Internatinal B. V.,,,,,,,,
50540,nogradmegyeihirlap.hu,92115,Nógrádi Média Kiadói Korlátolt Felelősségű Társaság,1107,Kopka Miklós,,,,,,,,
50541,life.hu (noilapozo.hu),92176,Origo Média és Kommunikációs Szolgáltató Zártkörűen Működő Részvénytársaság,245759,Magyar Telekom Távközlési Nyrt.,,,,,,,,
50545,nol.hu,92090,Népszabadság Kiadó és Nyomdaipari Zártkörűen Működő Részvénytársaság,1160,Ringier AG,,,,,,,,
50546,nolblog.hu,92090,Népszabadság Kiadó és Nyomdaipari Zártkörűen Működő Részvénytársaság,1160,Ringier AG,,,,,,,,
50547,nolrandi.hu,999999,Egyéb üzemeltető,,,,,,,,,,
50548,noltv.hu,92090,Népszabadság Kiadó és Nyomdaipari Zártkörűen Működő Részvénytársaság,1160,Ringier AG,,,,,,,,
50553,nport.hu,90181,Axel Springer- Magyarország Korlátolt Felelősségű Társaság,1352,Bérczi Zsuzsanna,1347,dr. Bayer József,1353,Bayer Iván,1354,Bayer Zsuzsanna,1010,Axel Springer AG
50555,nyeremenystart.hu,92564,Sanoma Budapest Kiadói Zártkörűen Működő Részvénytársaság,1171,Sanoma Magazines Internatinal B. V.,,,,,,,,
50558,nyugatmagyar.hu,91548,Lapcom Lapkiadó és Nyomdaipari Korlátolt Felelősségü Társaság,1421,A&N International Media Limited,,,,,,,,
50562,ok.hu,92176,Origo Média és Kommunikációs Szolgáltató Zártkörűen Működő Részvénytársaság,245759,Magyar Telekom Távközlési Nyrt.,,,,,,,,
50564,olcsobbat.hu,92564,Sanoma Budapest Kiadói Zártkörűen Működő Részvénytársaság,1171,Sanoma Magazines Internatinal B. V.,,,,,,,,
50576,origo.hu,92176,Origo Média és Kommunikációs Szolgáltató Zártkörűen Működő Részvénytársaság,245759,Magyar Telekom Távközlési Nyrt.,,,,,,,,
50578,origoaukcio.hu,92176,Origo Média és Kommunikációs Szolgáltató Zártkörűen Működő Részvénytársaság,245759,Magyar Telekom Távközlési Nyrt.,,,,,,,,
50579,origorandi.hu,999999,Egyéb üzemeltető,,,,,,,,,,
50580,origovasarlas.hu,92176,Origo Média és Kommunikációs Szolgáltató Zártkörűen Működő Részvénytársaság,245759,Magyar Telekom Távközlési Nyrt.,,,,,,,,
50583,otthon.hu,92564,Sanoma Budapest Kiadói Zártkörűen Működő Részvénytársaság,1171,Sanoma Magazines Internatinal B. V.,,,,,,,,
50585,ozonenetwork.hu,92176,Origo Média és Kommunikációs Szolgáltató Zártkörűen Működő Részvénytársaság,245759,Magyar Telekom Távközlési Nyrt.,,,,,,,,
50603,pecsistop.hu,93439,Opt Ügynöki Korlátolt Felelősségű Társaság,1300,Furcsa Árpád,1301,dr. Simon Dénes Ferenc,,,,,,
50604,penzcentrum.hu,93414,Net Média Kiadó és Internet Tartalomszolgáltató Zártkörűen Működő Részvénytársaság,1139,Net. IPO Aktiengesellschaft,1115,Ladomerszky Zsolt,1168,Sándorfi Mihályné,,,,
50606,petofinepe.hu,90181,Axel Springer- Magyarország Korlátolt Felelősségű Társaság,1352,Bérczi Zsuzsanna,1347,dr. Bayer József,1353,Bayer Iván,1354,Bayer Zsuzsanna,1010,Axel Springer AG
50607,piac-profit.hu,92333,Piac és Profit Kiadó Korlátolt Felelősségű Társaság,1179,Simon Istvánné,1043,Dobai Attila,1123,Marczisné Szűcs Krisztina,,,,
50609,pink.hu,92518,Ringier Kiadó Korlátolt Felelősségű Társaság,1160,Ringier AG,,,,,,,,
50612,pixter.hu,92518,Ringier Kiadó Korlátolt Felelősségű Társaság,1160,Ringier AG,,,,,,,,
50613,playboy.hu,91813,Marquard Média Magyarország Kiadó Korlátolt Felelősségű Társaság,1125,Marquard Media AG,,,,,,,,
50615,pokermania.hu,92518,Ringier Kiadó Korlátolt Felelősségű Társaság,1160,Ringier AG,,,,,,,,
50616,pokoli.hu,90181,Axel Springer- Magyarország Korlátolt Felelősségű Társaság,1352,Bérczi Zsuzsanna,1347,dr. Bayer József,1353,Bayer Iván,1354,Bayer Zsuzsanna,1010,Axel Springer AG
50617,polc.hu,92564,Sanoma Budapest Kiadói Zártkörűen Működő Részvénytársaság,1171,Sanoma Magazines Internatinal B. V.,,,,,,,,
50622,portfolio.hu,93414,Net Média Kiadó és Internet Tartalomszolgáltató Zártkörűen Működő Részvénytársaság,1139,Net. IPO Aktiengesellschaft,1115,Ladomerszky Zsolt,1168,Sándorfi Mihályné,,,,
50623,postafiok.hu,999999,Egyéb üzemeltető,,,,,,,,,,
50629,profession.hu,92564,Sanoma Budapest Kiadói Zártkörűen Működő Részvénytársaság,1171,Sanoma Magazines Internatinal B. V.,,,,,,,,
50640,quart.hu,92176,Origo Média és Kommunikációs Szolgáltató Zártkörűen Működő Részvénytársaság,245759,Magyar Telekom Távközlési Nyrt.,,,,,,,,
50655,rtlbulvar.hu,91722,Magyar RTL Televízió Zártkörűen Működő Részvénytársaság,1323,S.I.G. Kapital SA,1032,CLT UFA S. A,,,,,,
50656,rtlhirek.hu,91722,Magyar RTL Televízió Zártkörűen Működő Részvénytársaság,1323,S.I.G. Kapital SA,1032,CLT UFA S. A,,,,,,
50657,rtlkartya.hu,91722,Magyar RTL Televízió Zártkörűen Működő Részvénytársaság,1323,S.I.G. Kapital SA,1032,CLT UFA S. A,,,,,,
50658,rtlklub.hu,91722,Magyar RTL Televízió Zártkörűen Működő Részvénytársaság,1323,S.I.G. Kapital SA,1032,CLT UFA S. A,,,,,,
50659,rtlmost.hu,91722,Magyar RTL Televízió Zártkörűen Működő Részvénytársaság,1323,S.I.G. Kapital SA,1032,CLT UFA S. A,,,,,,
50660,rtlrandi.hu,999999,Egyéb üzemeltető,,,,,,,,,,
50662,sajtoklub.tv,91722,Magyar RTL Televízió Zártkörűen Működő Részvénytársaság,1323,S.I.G. Kapital SA,1032,CLT UFA S. A,,,,,,
50669,sikeres.hu,999999,Egyéb üzemeltető,,,,,,,,,,
50674,somogyihirlap.hu,90181,Axel Springer- Magyarország Korlátolt Felelősségű Társaság,1352,Bérczi Zsuzsanna,1347,dr. Bayer József,1353,Bayer Iván,1354,Bayer Zsuzsanna,1010,Axel Springer AG
50676,sonline.hu,90181,Axel Springer- Magyarország Korlátolt Felelősségű Társaság,1352,Bérczi Zsuzsanna,1347,dr. Bayer József,1353,Bayer Iván,1354,Bayer Zsuzsanna,1010,Axel Springer AG
50680,sportgeza.hu,93344,Index.hu Informatikai Zártkörűen Működő Részvénytársaság,1324,Whitestone International Ltd.,,,,,,,,
50681,sporthirado.hu,999999,Egyéb üzemeltető,,,,,,,,,,
50684,startapro.hu,92564,Sanoma Budapest Kiadói Zártkörűen Működő Részvénytársaság,1171,Sanoma Magazines Internatinal B. V.,,,,,,,,
50686,startlap lap.hu oldalak,92564,Sanoma Budapest Kiadói Zártkörűen Működő Részvénytársaság,1171,Sanoma Magazines Internatinal B. V.,,,,,,,,
50687,startlap.hu,92564,Sanoma Budapest Kiadói Zártkörűen Működő Részvénytársaság,1171,Sanoma Magazines Internatinal B. V.,,,,,,,,
50688,startlapjatekok.hu,92564,Sanoma Budapest Kiadói Zártkörűen Működő Részvénytársaság,1171,Sanoma Magazines Internatinal B. V.,,,,,,,,
50689,startlapkereso.hu,92564,Sanoma Budapest Kiadói Zártkörűen Működő Részvénytársaság,1171,Sanoma Magazines Internatinal B. V.,,,,,,,,
50692,stop.hu,93439,Opt Ügynöki Korlátolt Felelősségű Társaság,1300,Furcsa Árpád,1301,dr. Simon Dénes Ferenc,,,,,,
50693,storyonline.hu,92564,Sanoma Budapest Kiadói Zártkörűen Működő Részvénytársaság,1171,Sanoma Magazines Internatinal B. V.,,,,,,,,
50699,szabadfold.hu,90938,Geomédia Kiadói Zártkörűen Működő Részvénytársaság,245748,GEOHOLDING Vállalkozási Zrt.,,,,,,,,
50702,szerelem.hu,999999,Egyéb üzemeltető,,,,,,,,,,
50709,szoftverbazis.hu,92176,Origo Média és Kommunikációs Szolgáltató Zártkörűen Működő Részvénytársaság,245759,Magyar Telekom Távközlési Nyrt.,,,,,,,,
50710,szoljon.hu,90181,Axel Springer- Magyarország Korlátolt Felelősségű Társaság,1352,Bérczi Zsuzsanna,1347,dr. Bayer József,1353,Bayer Iván,1354,Bayer Zsuzsanna,1010,Axel Springer AG
50711,szon.hu,93346,"INFORM MÉDIA Lapkiadó, Információs és Kulturális Korlátolt Felelősségű Társaság",1093,Inform Media GmbH,,,,,,,,
50720,talalka.hu,999999,Egyéb üzemeltető,,,,,,,,,,
50724,tech.hu,999999,Egyéb üzemeltető,,,,,,,,,,
50725,techline.hu,93546,Heti Világgazdaság Kiadói Zártkörűen Működő Részvénytársaság,1142,Ost Holding GmbH,,,,,,,,
50726,technet.hir24.hu (technet.hu),92564,Sanoma Budapest Kiadói Zártkörűen Működő Részvénytársaság,1171,Sanoma Magazines Internatinal B. V.,,,,,,,,
50729,m4sport.hu (telesport.hu),91738,Magyar Televízió Nonprofit Zártkörűen Működő Részvénytársaság,1111,Közszolgálati Közalapítvány,,,,,,,,
50730,tempo.hu,90181,Axel Springer- Magyarország Korlátolt Felelősségű Társaság,1352,Bérczi Zsuzsanna,1347,dr. Bayer József,1353,Bayer Iván,1354,Bayer Zsuzsanna,1010,Axel Springer AG
50731,teol.hu,90181,Axel Springer- Magyarország Korlátolt Felelősségű Társaság,1352,Bérczi Zsuzsanna,1347,dr. Bayer József,1353,Bayer Iván,1354,Bayer Zsuzsanna,1010,Axel Springer AG
50732,terkep24.hu,92564,Sanoma Budapest Kiadói Zártkörűen Működő Részvénytársaság,1171,Sanoma Magazines Internatinal B. V.,,,,,,,,
50746,tolnainepujsag.hu,90181,Axel Springer- Magyarország Korlátolt Felelősségű Társaság,1352,Bérczi Zsuzsanna,1347,dr. Bayer József,1353,Bayer Iván,1354,Bayer Zsuzsanna,1010,Axel Springer AG
50748,topapro.hu,93346,"INFORM MÉDIA Lapkiadó, Információs és Kulturális Korlátolt Felelősségű Társaság",1093,Inform Media GmbH,,,,,,,,
50750,topauto.hu,93346,"INFORM MÉDIA Lapkiadó, Információs és Kulturális Korlátolt Felelősségű Társaság",1093,Inform Media GmbH,,,,,,,,
50751,topbike.hu,93346,"INFORM MÉDIA Lapkiadó, Információs és Kulturális Korlátolt Felelősségű Társaság",1093,Inform Media GmbH,,,,,,,,
50753,topjob.hu,93258,IM-DIGITAL Szolgáltató Korlátolt Felelősségű Társaság,1093,Inform Media GmbH,,,,,,,,
50754,toplak.hu,93346,"INFORM MÉDIA Lapkiadó, Információs és Kulturális Korlátolt Felelősségű Társaság",1093,Inform Media GmbH,,,,,,,,
50757,totalbike.hu,93344,Index.hu Informatikai Zártkörűen Működő Részvénytársaság,1324,Whitestone International Ltd.,,,,,,,,
50758,totalcar.hu,93344,Index.hu Informatikai Zártkörűen Működő Részvénytársaság,1324,Whitestone International Ltd.,,,,,,,,
50762,travelline.hu,93546,Heti Világgazdaság Kiadói Zártkörűen Működő Részvénytársaság,1142,Ost Holding GmbH,,,,,,,,
50770,tv2.hu,92000,MTM-SBS Televízió Zártkörűen Működő Részvénytársaság,1436,VT2 Media Holding B.V.,1175,SBS Broadcasting Europe B.V.,1037,Danube Broadcasting B.V.,1147,PKS Medina ( Netherlands ) B. V.,,
50771,tv24.hu,92564,Sanoma Budapest Kiadói Zártkörűen Működő Részvénytársaság,1171,Sanoma Magazines Internatinal B. V.,,,,,,,,
50774,tvmusor.hu,92518,Ringier Kiadó Korlátolt Felelősségű Társaság,1160,Ringier AG,,,,,,,,
50776,tvrhet.hu,90181,Axel Springer- Magyarország Korlátolt Felelősségű Társaság,1352,Bérczi Zsuzsanna,1347,dr. Bayer József,1353,Bayer Iván,1354,Bayer Zsuzsanna,1010,Axel Springer AG
50780,ujneplap.hu,90181,Axel Springer- Magyarország Korlátolt Felelősségű Társaság,1352,Bérczi Zsuzsanna,1347,dr. Bayer József,1353,Bayer Iván,1354,Bayer Zsuzsanna,1010,Axel Springer AG
50783,urlguru.hu,93546,Heti Világgazdaság Kiadói Zártkörűen Működő Részvénytársaság,1142,Ost Holding GmbH,,,,,,,,
50789,vallalkozoi.negyed.hu,92176,Origo Média és Kommunikációs Szolgáltató Zártkörűen Működő Részvénytársaság,245759,Magyar Telekom Távközlési Nyrt.,,,,,,,,
50792,vasarnaptar.hu,93346,"INFORM MÉDIA Lapkiadó, Információs és Kulturális Korlátolt Felelősségű Társaság",1093,Inform Media GmbH,,,,,,,,
50793,vaol.hu (vasnepe.hu),93510,Vas Népe Reklám-Propaganda és Kiadói Betéti Társaság,1142,Ost Holding GmbH,,,,,,,,
50798,velvet.hu,93344,Index.hu Informatikai Zártkörűen Működő Részvénytársaság,1324,Whitestone International Ltd.,,,,,,,,
50800,vezess.hu,92564,Sanoma Budapest Kiadói Zártkörűen Működő Részvénytársaság,1171,Sanoma Magazines Internatinal B. V.,,,,,,,,
50806,videa.hu,92176,Origo Média és Kommunikációs Szolgáltató Zártkörűen Működő Részvénytársaság,245759,Magyar Telekom Távközlési Nyrt.,,,,,,,,
50807,videakid.hu,92176,Origo Média és Kommunikációs Szolgáltató Zártkörűen Működő Részvénytársaság,245759,Magyar Telekom Távközlési Nyrt.,,,,,,,,
50812,videostart.hu,92564,Sanoma Budapest Kiadói Zártkörűen Működő Részvénytársaság,1171,Sanoma Magazines Internatinal B. V.,,,,,,,,
50814,vilaggazdasag.hu,93186,Zöld Újság Tömegkommunikációs és Kiadói Zártkörűen Működő Részvénytársaság,1352,Bérczi Zsuzsanna,1347,dr. Bayer József,1353,Bayer Iván,1354,Bayer Zsuzsanna,1427,AXEL SPRINGER VERLAG AG
50817,vipmail.hu,93343,Inda-Labs Informatikai Szolgáltató Zárkörűen Működő Részvénytársaság,1324,Whitestone International Ltd.,,,,,,,,
50828,wellnesscafe.hu,92564,Sanoma Budapest Kiadói Zártkörűen Működő Részvénytársaság,1171,Sanoma Magazines Internatinal B. V.,,,,,,,,
50841,zaol.hu (zalaihirlap.hu),93165,Zalai Hírlap Kiadói Betéti Társaság,1142,Ost Holding GmbH,,,,,,,,
50846,zoldter.hu,93546,Heti Világgazdaság Kiadói Zártkörűen Működő Részvénytársaság,1142,Ost Holding GmbH,,,,,,,,
51091,vivatv.hu,97602,Viacom Global Hungary Korlátolt Felelősségű Társaság,1134,MTV Networks Productions B.V.,1094,Invisions Holding BV.,1500,Viacom Global ( Netherlands ) B. V.,,,,
51278,hvgkonyvek.hu,93546,Heti Világgazdaság Kiadói Zártkörűen Működő Részvénytársaság,1142,Ost Holding GmbH,,,,,,,,
51279,morningshow.hu,93544,Karmapa Korlátolt Felelősségű Társaság,1178,Sebestyén-Horváth Viktória Éva,1083,Hanzel Henrik István,,,,,,
51288,szotar.sztaki.hu,999999,Egyéb üzemeltető,,,,,,,,,,
51290,500flashjatek.hu,92564,Sanoma Budapest Kiadói Zártkörűen Működő Részvénytársaság,1171,Sanoma Magazines Internatinal B. V.,,,,,,,,
51291,500jateklink.com,92564,Sanoma Budapest Kiadói Zártkörűen Működő Részvénytársaság,1171,Sanoma Magazines Internatinal B. V.,,,,,,,,
51292,500jojatek.hu,92564,Sanoma Budapest Kiadói Zártkörűen Működő Részvénytársaság,1171,Sanoma Magazines Internatinal B. V.,,,,,,,,
51293,500klasszjatek.hu,92564,Sanoma Budapest Kiadói Zártkörűen Működő Részvénytársaság,1171,Sanoma Magazines Internatinal B. V.,,,,,,,,
51294,500onlinejatek.hu,92564,Sanoma Budapest Kiadói Zártkörűen Működő Részvénytársaság,1171,Sanoma Magazines Internatinal B. V.,,,,,,,,
51322,jatekgyujtemeny.hu,92564,Sanoma Budapest Kiadói Zártkörűen Működő Részvénytársaság,1171,Sanoma Magazines Internatinal B. V.,,,,,,,,
51323,jateklinkgyujto.hu,92564,Sanoma Budapest Kiadói Zártkörűen Működő Részvénytársaság,1171,Sanoma Magazines Internatinal B. V.,,,,,,,,
51324,jojateklinkek.hu,92564,Sanoma Budapest Kiadói Zártkörűen Működő Részvénytársaság,1171,Sanoma Magazines Internatinal B. V.,,,,,,,,
51325,klasszjatekok.hu,92564,Sanoma Budapest Kiadói Zártkörűen Működő Részvénytársaság,1171,Sanoma Magazines Internatinal B. V.,,,,,,,,
51329,nepsport.hu,92518,Ringier Kiadó Korlátolt Felelősségű Társaság,1160,Ringier AG,,,,,,,,
51332,origoborbar.hu,92176,Origo Média és Kommunikációs Szolgáltató Zártkörűen Működő Részvénytársaság,245759,Magyar Telekom Távközlési Nyrt.,,,,,,,,
51333,origodirekt.hu,92176,Origo Média és Kommunikációs Szolgáltató Zártkörűen Működő Részvénytársaság,245759,Magyar Telekom Távközlési Nyrt.,,,,,,,,
51337,postr.hu,92176,Origo Média és Kommunikációs Szolgáltató Zártkörűen Működő Részvénytársaság,245759,Magyar Telekom Távközlési Nyrt.,,,,,,,,
51351,valovilag.hu,91722,Magyar RTL Televízió Zártkörűen Működő Részvénytársaság,1323,S.I.G. Kapital SA,1032,CLT UFA S. A,,,,,,
60002,Köztéri tábla,90727,EPAMEDIA HUNGARY Köztéri Médiaügynökség Zártkörűen Működő Részvénytársaság,1061,EPAMEDIA - EUROPÄISCHE PLAKAT- UND AUSSENMEDIEN GMBH,,,,,,,,
60003,Köztéri tábla,90780,EURO-AWK Budapest Reklámszervező Korlátolt Felelősségű Társaság,1048,dr. Fonyó Károly,1064,euro AWK GmbH,,,,,,
60004,Köztéri tábla,91146,Hungaroplakát Reklám Korlátolt Felelősségű Társaság,1302,Miklós Csaba,,,,,,,,
60005,Köztéri tábla,91494,KROC Kereskedelmi és Szolgáltató Korlátolt Felelősségű Társaság,1194,Tarnócay Zsolt,1193,Tarnócay Csaba,,,,,,
60006,Köztéri tábla,92259,Pannon Plakát Reklám Korlátolt Felelősségű Társaság,1045,dr. Antal Kálmánné,1005,Antal Zoltán,,,,,,
60007,Köztéri tábla,92366,Pont Reklám Korlátolt Felelősségű Társaság,1216,Zsiga Imre,1023,bsw Berliner Stadtwerbung GmbH,,,,,,
60008,Köztéri tábla,92418,Publimont Hirdetésszervező Korlátolt Felelősségű Társaság,248035,PRO-AURUM Vagyonkezelő Zrt.,1202,Töröcskei István,,,,,,
60017,Köztéri tábla,90400,"CÉLCSOPORT Média, Marketing és Szolgáltató Korlátolt Felelősségű Társaság",1150,POS Media B.V.,,,,,,,,
60018,Köztéri tábla,90779,Euro Publicity Kereskedelmi és Szolgáltató Korlátolt Felelősségű Társaság,1129,Media und Marketing Group AG,,,,,,,,
60021,Köztéri tábla,91778,Mahír Cityposter Korlátolt Felelősségű Társaság,1048,dr. Fonyó Károly,1064,euro AWK GmbH,1050,dr. Liszkay Gábor,1054,dr. Simicska Lajos,248035,PRO-AURUM Vagyonkezelő Zrt.
60022,Köztéri tábla,91860,MEDIACONTACT KÖZTERÜLET Reklámügynökség Korlátolt Felelősségű Társaság,1034,COPTHORNE TRADING Ltd.,1141,OPTICORP S.A.,,,,,,
60036,Köztéri tábla,100157,Horizont Reklám Szervíz Szolgáltató Korlátolt Felelősségű Társaság,1102,Kenéz András,1199,Tóth István,,,,,,
70001,Indoor felület,90030,A.M. Hungary Korlátolt Felelősségű Társaság,1008,AROSA Ltd.,,,,,,,,
70004,Indoor felület,90765,EST Media Group Kft.,245748,GEOHOLDING Vállalkozási Zrt.,,,,,,,,
