2006,,,,,,,,,,,,,,,,,,,,,,,,,,,,,,,,,
,,,,,,,,,,,,,,,,,,,,,,,,,,,,,,,,,
Medium_ID,Medium_nev,Partner_ID,Név,Vegtulaj_1_ID,Vegtulaj_1,Vegtulaj_2_ID,Vegtulaj_2,Vegtulaj_3_ID,Vegtulaj_3,Vegtulaj_4_ID,Vegtulaj_4,Vegtulaj_5_ID,Vegtulaj_5,Vegtulaj_6_ID,Vegtulaj_6,Vegtulaj_7_ID,Vegtulaj_7,Vegtulaj_8_ID,Vegtulaj_8,Vegtulaj_9_ID,Vegtulaj_9,Vegtulaj_10_ID,Vegtulaj_10,Vegtulaj_11_ID,Vegtulaj_11,Vegtulaj_12_ID,Vegtulaj_12,Vegtulaj_13_ID,Vegtulaj_13,Vegtulaj_14_ID,Vegtulaj_14,Vegtulaj_15_ID,Vegtulaj_15
10020,Animal Planet,98206,Discovery Hungary Média Szolgáltató Korlátolt Felelősségű Társaság,1042,Discovery Polska Sp. z.o.o.,,,,,,,,,,,,,,,,,,,,,,,,,,,,
10022,Animax (A+),98205,AXN Magyaroszág Szolgáltató Korlátolt Felelősségű Társaság,1012,AXN Central Europe LLC,,,,,,,,,,,,,,,,,,,,,,,,,,,,
10416,ATV,90167,Agro TV-ATV Zrt.,1376,Hit és Erkölcs Kulturális Alap,1377,Hit Gyülekezete,1672,ARÉNA 2000 Reklámügynökség Kft.,1704,Benthany Home Care,,,,,,,,,,,,,,,,,,,,,,
10029,AXN,98205,AXN Magyaroszág Szolgáltató Korlátolt Felelősségű Társaság,1012,AXN Central Europe LLC,,,,,,,,,,,,,,,,,,,,,,,,,,,,
19902,Budapest TV,199015,dr. Bródy Péter,199015,dr. Bródy Péter,,,,,,,,,,,,,,,,,,,,,,,,,,,,
19903,Cool TV (m+),91168,IKO Kábeltévé Kft.,1391,Rákosi Tamás,1141,Opticorp S.A.,,,,,,,,,,,,,,,,,,,,,,,,,,
10142,Discovery Channel,98206,Discovery Hungary Média Szolgáltató Korlátolt Felelősségű Társaság,1042,Discovery Polska Sp. z.o.o.,,,,,,,,,,,,,,,,,,,,,,,,,,,,
10155,Duna,90621,Duna Televízió Zrt.,1090,Hungária Televízió Közalapítvány,,,,,,,,,,,,,,,,,,,,,,,,,,,,
10026,Duna World,90621,Duna Televízió Zrt.,1090,Hungária Televízió Közalapítvány,,,,,,,,,,,,,,,,,,,,,,,,,,,,
10170,Echo TV,90648,"Echo Hungária TV Televíziózási, Kommunikációs és Szolgáltató Zrt.",1417,Széles Gábor,1207,Vasvári Csaba,,,,,,,,,,,,,,,,,,,,,,,,,,
10235,Film Mánia,199023,Filmmúzeum Zrt.,1712,dr. Lissák Marcell,,,,,,,,,,,,,,,,,,,,,,,,,,,,
10230,Film+,91168,IKO Kábeltévé Kft.,1391,Rákosi Tamás,1141,Opticorp S.A.,,,,,,,,,,,,,,,,,,,,,,,,,,
10249,Fix,999999,Egyéb üzemeltető,,,,,,,,,,,,,,,,,,,,,,,,,,,,,,
10001,Főnix TV,92254,PANNON BROADCAST Televízió Kolrátolt Felelősségű Társaság,1713,Dr. Tímár Krisztina,1598,Sebeő Ágnes,1705,Blastik Noémi Judit,1711,Dr. Kékesi Attila,1553,Blastik Ferenc Tamás,1732,Kovács Zsuzsanna,1752,Wiegmann Alfréd,1751,Vollner Judit,,,,,,,,,,,,,,
10273,Hálózat TV,91029,Hálózatos Televíziók Zártkörűen Működő Részvénytársaság,,,,,,,,,,,,,,,,,,,,,,,,,,,,,,
10297,Hír Tv,91112,Hír Televízió Rt.,1202,Töröcskei István,248035,PRO-AURUM Vagyonkezelő Zrt.,,,,,,,,,,,,,,,,,,,,,,,,,,
19904,Írisz TV,199036,Írisz TV Rt,,,,,,,,,,,,,,,,,,,,,,,,,,,,,,
10412,M1,91738,Magyar Televízió Rt.,1111,Magyar Televízió Közalapítvány,,,,,,,,,,,,,,,,,,,,,,,,,,,,
10414,M2,91738,Magyar Televízió Rt.,1111,Magyar Televízió Közalapítvány,,,,,,,,,,,,,,,,,,,,,,,,,,,,
10434,Minimax,999999,Egyéb üzemeltető,,,,,,,,,,,,,,,,,,,,,,,,,,,,,,
10450,MTV,999999,Egyéb üzemeltető,,,,,,,,,,,,,,,,,,,,,,,,,,,,,,
10512,Pax TV,92287,Pax TV Zrt.,1071,Ferenczy Károly,,,,,,,,,,,,,,,,,,,,,,,,,,,,
10556,RTL Klub,91722,M-RTL Zrt.,1391,Rákosi Tamás,245759,Magyar Telekom Távközlési Nyrt.,1141,Opticorp S.A.,1032,CLT UFA S. A,,,,,,,,,,,,,,,,,,,,,,
10588,Spektrum TV,199060,Spektrum-TV Zrt,1742,SPE Hungary Investments Inc.,1675,BVI Television (Central Europe) Inc.,1683,HBO Central Europe Holdings Inc.,1720,HBO Hungary Holding LLC,,,,,,,,,,,,,,,,,,,,,,
10130,Spektrum Home,199066,TV Paprika Zrt.,,,,,,,,,,,,,,,,,,,,,,,,,,,,,,
10593,Sport1,199061,Sport1 TV Zrt.,1707,chellomedia Programming Financing HoldCo B. V.,,,,,,,,,,,,,,,,,,,,,,,,,,,,
10594,Sport2,199061,Sport1 TV Rt.,1707,chellomedia Programming Financing HoldCo B. V.,,,,,,,,,,,,,,,,,,,,,,,,,,,,
10590,Sport Klub,91168,IKO Kábeltévé Kft.,1391,Rákosi Tamás,1141,Opticorp S.A.,,,,,,,,,,,,,,,,,,,,,,,,,,
10003,Story 4 (Story TV),92565,Sanoma Digital Media Zrt.,1494,Borsány-Gyenes András,1171,Sanoma Magazines International B. V.,,,,,,,,,,,,,,,,,,,,,,,,,,
10687,TV Paprika,199066,TV Paprika Zrt.,,,,,,,,,,,,,,,,,,,,,,,,,,,,,,
10697,TV2,92000,MTM-SBS Televízió Zrt.,1640,Kereszty Gábor,1625,Dr. Benke Gábor,1175,SBS Broadcasting Europe B.V.,1037,Danube Broadcasting B.V.,,,,,,,,,,,,,,,,,,,,,,
10740,Viasat Explore,98204,Viasat Hungária Zrt.,1133,MTG Broadcasting AB,,,,,,,,,,,,,,,,,,,,,,,,,,,,
10741,Viasat History,98204,Viasat Hungária Zrt.,1133,MTG Broadcasting AB,,,,,,,,,,,,,,,,,,,,,,,,,,,,
10742,Viasat3,98204,Viasat Hungária Zrt.,1133,MTG Broadcasting AB,,,,,,,,,,,,,,,,,,,,,,,,,,,,
10747,Vitál TV,93113,Vital TV Zrt.,1417,Széles Gábor,1418,Széles Gáborné,1419,Széles Kinga,1420,Széles Anna,,,,,,,,,,,,,,,,,,,,,,
10748,VIVA (Z+),93152,Z+ Műsorszolgáltató Rt.,1748,Viva Fernsehen GmbH,1749,Viva Media GmbH,,,,,,,,,,,,,,,,,,,,,,,,,,
19911,Zenit TV,199070,Zenit Televízió Rt.,1669,Zámbó László Sándor,,,,,,,,,,,,,,,,,,,,,,,,,,,,
29901,Sláger Rádió,93480,Sláger Rádió Műsorszolgáltató Zrt.,,,,,,,,,,,,,,,,,,,,,,,,,,,,,,
29902,Danubius Rádió,98208,Danubius Rádió Műsorszolgáltató Zrt.,1676,Copat Luxembourg S. á. r. l.,1671,Advent Danubius L. P.,1671,Advent Danubius L. P.,,,,,,,,,,,,,,,,,,,,,,,,
20096,Kossuth Rádió,91719,Magyar Rádió Zrt.,1121,Magyar Rádió Közalapítvány,,,,,,,,,,,,,,,,,,,,,,,,,,,,
20097,Petőfi Rádió,91719,Magyar Rádió Zrt.,1121,Magyar Rádió Közalapítvány,,,,,,,,,,,,,,,,,,,,,,,,,,,,
20098,Bartók Rádió,91719,Magyar Rádió Zrt.,1121,Magyar Rádió Közalapítvány,,,,,,,,,,,,,,,,,,,,,,,,,,,,
20066,Juventus Rádió,92455,Rádió Juventus Műsorszolgáltató Zártkörűen Működő Részvénytársaság,1651,Metromedia International Inc,,,,,,,,,,,,,,,,,,,,,,,,,,,,
20080,Klubrádió,91401,Klubrádió Szolgáltató Zártkörűen Működő Részvénytársaság,1413,Arató András,1623,DOGANA Limited,,,,,,,,,,,,,,,,,,,,,,,,,,
20048,Gazdasági Rádió ,199051,MŰSOR-HANG Műsorszolgáltató Korlátolt Felelősségű Társaság,1629,Dr. Nagy Sándorné,1626,Dr. Kármán István,,,,,,,,,,,,,,,,,,,,,,,,,,
20062,Infó Rádió,91186,Inforádió Műsorszolgáltató Korlátolt Felelősségű Társaság,1693,Mundweilné Csőke Éva,1670,Achilles Trading Ltd.,,,,,,,,,,,,,,,,,,,,,,,,,,
20121,Rádió 1 Budapest,92443,Rádió 1 Rádióműsort Készítő és Közlő Korlátolt Felelősségű Társaság,1741,Société d'Etudes et de Geston pour le Commerce,1714,Eurozet Sp . z o. o.,1733,Lagardere Active Radio International,,,,,,,,,,,,,,,,,,,,,,,,
20179,Radiocafé 98.6,92461,radiocafé Tömegkommunikációs és Kulturális Szolgáltató Korlátolt Felelősségű Társaság,1715,Földes Gábor,1726,Kádár Tamás,1729,Kelemen Zoltán,,,,,,,,,,,,,,,,,,,,,,,,
20187,Roxy Rádió,92534,Roxy Rádió Műsorszolgáltató Korlátolt Felelősségű Társaság,1585,Mezzaine Management Central Europe Invesment S.A.,1747,Trilux Luxemburg S. a . r. l.,,,,,,,,,,,,,,,,,,,,,,,,,,
20053,Gong Rádió,90955,"GONG RÁDIÓ Információs, Kereskedelmi és Szolgáltató Korlátolt Felelősségű Társaság",1717,Garaczi János,1569,Gömöri Ferenc,1739,Polyák Zoltán,1745,Terenyi István,1689,Kovács Zoltán,1549,Ágoston Endre,1575,Kiss Zsolt,1600,Seres József,1642,Kiss Zsoltné,1203,Tőzsér Judit,1047,Dr. Feldmájer Péter,1097,Kalmár László,1020,Birizdó Károly,1144,Palásti József,1101,Kecskemét Önkormányzata
20196,Sztár FM,91092,Híd Rádió Műsorkészítő és Sugárzó Zártkörűen Működő Részvénytársaság,1154,Radio Bridge Media Holding Ltd.,,,,,,,,,,,,,,,,,,,,,,,,,,,,
30004,Glossy girls (100xszép),90180,AXEL SPRINGER-BUDAPEST KIADÓI Kft,1352,Bérczi Zsuzsanna,1347,Dr. Bayer József,1427,Axel Springer Verlag AG,,,,,,,,,,,,,,,,,,,,,,,,
30010,168 óra,92851,Telegráf Kiadó Korlátolt Felelősségű Társaság,1384,Bölcs Dóra,1385,Bölcs István,1679,dr. Szekér Pál Károly,1386,Bölcs Ádám,1618,Bölcs Istvánné Ruszinyák Márta,1387,Mester Ákos,1190,Szilvásy Rudolf,1075,FOTEX Kft,,,,,,,,,,,,,,
30013,3. évezred,92513,RF-HOBBY Lapkiadó Korlátolt Felelősségű Társaság,1146,Petr Simandl,1157,RF-HOBBY s.r.o.,,,,,,,,,,,,,,,,,,,,,,,,,,
30107,Tanító,999999,Egyéb üzemeltető,,,,,,,,,,,,,,,,,,,,,,,,,,,,,,
30112,A világ ...-b.n,93186,Zöld Újság Tömegkommunikációs és Kiadói Zártkörűen Működő Részvénytársaság,1352,Bérczi Zsuzsanna,1347,Dr. Bayer József,1427,AXEL SPRINGER VERLAG AG,,,,,,,,,,,,,,,,,,,,,,,,
30154,Adó ...,93546,HVG Rt.,1142,Ost Holding GmbH,,,,,,,,,,,,,,,,,,,,,,,,,,,,
30277,Autó bazár,91548,Lapcom Lapkiadó és Nyomdaipari Korlátolt Felelősségü Társaság,1710,Daily Mail International Holdings B.V.,,,,,,,,,,,,,,,,,,,,,,,,,,,,
30278,Auto Bild Magyarország,90180,AXEL SPRINGER-BUDAPEST KIADÓI Kft,1352,Bérczi Zsuzsanna,1347,Dr. Bayer József,1427,Axel Springer Verlag AG,,,,,,,,,,,,,,,,,,,,,,,,
30279,Autó és stílus,90171,Autó News Kft.,1633,Földvári András,1622,Csikós Gábor,1728,Kárpáti Miklós,1662,Surányi Endre Péter,,,,,,,,,,,,,,,,,,,,,,
30280,Autó magazin,91968,MOTOR-PRESSE BUDAPEST Kft.,1737,Motor-Presse International Verlagsgesellschaft Holding mbH,,,,,,,,,,,,,,,,,,,,,,,,,,,,
30287,Autó-motor,90180,AXEL SPRINGER-BUDAPEST KIADÓI Kft,1352,Bérczi Zsuzsanna,1347,Dr. Bayer József,1427,Axel Springer Verlag AG,,,,,,,,,,,,,,,,,,,,,,,,
30311,Otthon,92564,Sanoma Budapest Kiadói Zártkörűen Működő Részvénytársaság,1171,Sanoma Magazines International B. V.,,,,,,,,,,,,,,,,,,,,,,,,,,,,
30323,Bács Irányár,999999,Egyéb üzemeltető,,,,,,,,,,,,,,,,,,,,,,,,,,,,,,
30374,A bátonyterenyei napló (Bátonyterenyei hírvivő),999999,Egyéb üzemeltető,,,,,,,,,,,,,,,,,,,,,,,,,,,,,,
30389,Békés megyei hírlap,92093,Népújság Korlátolt Felelősségű Társaság Békéscsaba,1352,Bérczi Zsuzsanna,1347,Dr. Bayer József,1011,Axel Springer Verlag Beteiligungsgesellschaft Gmbh,,,,,,,,,,,,,,,,,,,,,,,,
30409,Best magazin,92564,Sanoma Budapest Kiadói Zártkörűen Működő Részvénytársaság,1171,Sanoma Magazines International B. V.,,,,,,,,,,,,,,,,,,,,,,,,,,,,
30435,Blikk,92518,Ringier Kiadó Korlátolt Felelősségű Társaság,1596,Rotenri Investments B.V.,1702,B. V. Tabora,,,,,,,,,,,,,,,,,,,,,,,,,,
30437,Blikk magazin csoport,90782,EUROMÉDIA KIADÓ Lapkiadó és Reklámügynökség Korlátolt Felelősségű Társaság,1656,Petrenka János,1657,Petrenka Noémi,1583,Márton Edina,1550,Békefi Judit,,,,,,,,,,,,,,,,,,,,,,
30464,Borsodi apró,93346,"INFORM MÉDIA Lapkiadó, Információs és Kulturális Korlátolt Felelősségű Társaság",1093,Inform Media Gmbh,1093,Inform Media Gmbh,,,,,,,,,,,,,,,,,,,,,,,,,,
30470,Bravo,90782,EUROMÉDIA KIADÓ Lapkiadó és Reklámügynökség Korlátolt Felelősségű Társaság,1656,Petrenka János,1657,Petrenka Noémi,1583,Márton Edina,1550,Békefi Judit,,,,,,,,,,,,,,,,,,,,,,
30471,Bravo Girl!,90782,EUROMÉDIA KIADÓ Lapkiadó és Reklámügynökség Korlátolt Felelősségű Társaság,1656,Petrenka János,1657,Petrenka Noémi,1583,Márton Edina,1550,Békefi Judit,,,,,,,,,,,,,,,,,,,,,,
30474,Buci Maci,90782,EUROMÉDIA KIADÓ Lapkiadó és Reklámügynökség Korlátolt Felelősségű Társaság,1656,Petrenka János,1657,Petrenka Noémi,1583,Márton Edina,1550,Békefi Judit,,,,,,,,,,,,,,,,,,,,,,
30477,Budai polgár,999999,Egyéb üzemeltető,,,,,,,,,,,,,,,,,,,,,,,,,,,,,,
30487,Budapest business journal,199055,ÚJ VILÁG LAPKIADÓ Kereskedelmi és Szolgáltató Kft.,1735,MARNIX S.A.,1736,MEDIAL EUROPEAN COMMUNICATIONS HOLDING S.A.,,,,,,,,,,,,,,,,,,,,,,,,,,
30497,Budapesti piac ,199004,Budapest Piac Marketing Kft.,1571,Hegedűsné Bárdos Judit,1605,Szijj György,1611,Vas Zoltán,1570,Hegedüs István,,,,,,,,,,,,,,,,,,,,,,
30499,Budapest szuperinfó (lapcsoport),90804,Expressz Magyarország Rt.,,,,,,,,,,,,,,,,,,,,,,,,,,,,,,
30547,Chip,999999,Egyéb üzemeltető,,,,,,,,,,,,,,,,,,,,,,,,,,,,,,
30563,CKM,91813,Marquard Média Magyarország Kiadó Korlátolt Felelősségű Társaság,1125,Marquard Media AG,1722,JMG Globomedia AG,,,,,,,,,,,,,,,,,,,,,,,,,,
30576,Cosmopolitan,91051,Hearst Sanoma Budapest Kiadói Korlátolt Felelősségű Társaság,1636,Hearst Holdings Inc,,,,,,,,,,,,,,,,,,,,,,,,,,,,
30594,Családi lap,92564,Sanoma Budapest Kiadói Zártkörűen Működő Részvénytársaság,1171,Sanoma Magazines International B. V.,,,,,,,,,,,,,,,,,,,,,,,,,,,,
30617,Csók és könny,90180,AXEL SPRINGER-BUDAPEST KIADÓI Kft,1352,Bérczi Zsuzsanna,1347,Dr. Bayer József,1427,Axel Springer Verlag AG,,,,,,,,,,,,,,,,,,,,,,,,
30647,Tiszaújváros szuperinfó,199059,PORTA Ingatlanközvetítő és Reklámszervező Gazdasági Munkaközösség,,,,,,,,,,,,,,,,,,,,,,,,,,,,,,
30650,Déli apró ,91548,Lapcom Lapkiadó és Nyomdaipari Korlátolt Felelősségü Társaság,1710,Daily Mail International Holdings B.V.,,,,,,,,,,,,,,,,,,,,,,,,,,,,
30654,Délmagyarország,199011,"DÉLMAGYARORSZÁG Könyv-, Lapkiadó és Nyomdaipari Korlátolt Felelősségű Társaság",,,,,,,,,,,,,,,,,,,,,,,,,,,,,,
30658,Délvilág,199011,"DÉLMAGYARORSZÁG Könyv-, Lapkiadó és Nyomdaipari Korlátolt Felelősségű Társaság",,,,,,,,,,,,,,,,,,,,,,,,,,,,,,
30680,Diéta & fitnesz,90653,Editorial Vagyonkezelő és Tanácsadó Korlátolt Felelősségű Társaság,1624,Dr. Ács György,1632,Fluck Miklós,1638,Kátay Lajos,1634,Gündisch Mónika,1673,Bodrogi Margaréta,1617,Avar János,1301,Dr. Simon Dénes Ferenc,,,,,,,,,,,,,,,,
30681,Digitális fotó,199013,DIGITÁLFOTÓ Lapkiadó és Kereskedelmi Korlátolt Felelősségű Társaság,1677,Dékán István,1678,Dékánné Seres Éva,1206,Varga Miklós,,,,,,,,,,,,,,,,,,,,,,,,
30739,Dunaújvárosi hírlap,199021,Hírlap Press Kiadói Korlátolt Felelősségű Társaság,1668,Westdeutsche Allgemeine Zeitungsverlag GesmbH und Co Zeitschriften- und Beteiligungs KG.,1637,K & K Medien und Handels GmbH. & Co. KG,,,,,,,,,,,,,,,,,,,,,,,,,,
30806,Élet és irodalom,91208,Irodalom Lap és Könyvkiadó Kulturális Szolgáltató Korlátolt Felelőségű Társaság,1059,Élet és Irodalom Alapítvány,1724,Journal Art Alapítvány,,,,,,,,,,,,,,,,,,,,,,,,,,
30819,Elle Magyarország,90054,ADOC-SEMIC Kiadói és Nyomdai Kft.,1613,Doktor Ferenc,1614,Doktorné Galambos Ágnes,,,,,,,,,,,,,,,,,,,,,,,,,,
30863,Érdi újság,90043,Absolut Media Szolgáltató és Kereskedelmi Korlátolt Felelősségű Társaság,1022,Botka Tamás,1163,ROSARIUM GLOBAL Inc,,,,,,,,,,,,,,,,,,,,,,,,,,
30876,Erzsébetváros,999999,Egyéb üzemeltető,,,,,,,,,,,,,,,,,,,,,,,,,,,,,,
30888,Észak-Magyarország,93346,"INFORM MÉDIA Lapkiadó, Információs és Kulturális Korlátolt Felelősségű Társaság",1093,Inform Media Gmbh,1093,Inform Media Gmbh,,,,,,,,,,,,,,,,,,,,,,,,,,
30909,Europark magazin,90181,Axel Springer- Magyarország Korlátolt Felelősségű Társaság,1352,Bérczi Zsuzsanna,1347,Dr. Bayer József,1427,AXEL SPRINGER VERLAG AG,,,,,,,,,,,,,,,,,,,,,,,,
30932,Extra frizura,199016,DUNA MÉDIA Korlátolt Felelősségű Társaság,1731,Kovács József,1740,PONTIS INTERNATIONAL LLC,,,,,,,,,,,,,,,,,,,,,,,,,,
30956,Fanny (lapcsoport),90180,AXEL SPRINGER-BUDAPEST KIADÓI Kft,1352,Bérczi Zsuzsanna,1347,Dr. Bayer József,1427,Axel Springer Verlag AG,,,,,,,,,,,,,,,,,,,,,,,,
30973,Fehérvári 7 nap,91798,Maraton Lapcsoport-Multivizió Kiadói Korlátolt Felelősségű Társaság,1637,K & K Medien und Handels GmbH. & Co. KG,,,,,,,,,,,,,,,,,,,,,,,,,,,,
30977,Fejér megyei hírlap,199021,Hírlap Press Kiadói Korlátolt Felelősségű Társaság,1668,Westdeutsche Allgemeine Zeitungsverlag GesmbH und Co Zeitschriften- und Beteiligungs KG.,1637,K & K Medien und Handels GmbH. & Co. KG,,,,,,,,,,,,,,,,,,,,,,,,,,
30986,Kiskunfélegyháza város és körzete szuperinfó,999999,Egyéb üzemeltető,,,,,,,,,,,,,,,,,,,,,,,,,,,,,,
31009,Figyelő (lapcsoport),92564,Sanoma Budapest Kiadói Zártkörűen Működő Részvénytársaság,1171,Sanoma Magazines International B. V.,,,,,,,,,,,,,,,,,,,,,,,,,,,,
31048,Forró drót,90181,Axel Springer- Magyarország Korlátolt Felelősségű Társaság,1352,Bérczi Zsuzsanna,1347,Dr. Bayer József,1427,AXEL SPRINGER VERLAG AG,,,,,,,,,,,,,,,,,,,,,,,,
31074,Futár,93346,"INFORM MÉDIA Lapkiadó, Információs és Kulturális Korlátolt Felelősségű Társaság",1093,Inform Media Gmbh,1093,Inform Media Gmbh,,,,,,,,,,,,,,,,,,,,,,,,,,
31107,Geo,91968,MOTOR-PRESSE BUDAPEST Kft.,1737,Motor-Presse International Verlagsgesellschaft Holding mbH,,,,,,,,,,,,,,,,,,,,,,,,,,,,
31117,Glamour,90180,AXEL SPRINGER-BUDAPEST KIADÓI Kft,1352,Bérczi Zsuzsanna,1347,Dr. Bayer József,1427,Axel Springer Verlag AG,,,,,,,,,,,,,,,,,,,,,,,,
31136,Gördülő hírek ,199064,Szegedi Közlekedési Korlátolt Felelősségű Társaság,1185,Szeged Önkormányzata,,,,,,,,,,,,,,,,,,,,,,,,,,,,
31143,Kecskeméti grátisz,92324,Petőfi Lap- és Könyvkiadó Korlátolt Felelősségű Társaság,1352,Bérczi Zsuzsanna,1347,Dr. Bayer József,1011,Axel Springer Verlag Beteiligungsgesellschaft Gmbh,,,,,,,,,,,,,,,,,,,,,,,,
31195,Parkpress,92954,TUEGO Szolgáltató és Kereskedelmi Közkereseti Társaság,1572,Hermann Miklós,1588,Mónus Ágnes Judit,,,,,,,,,,,,,,,,,,,,,,,,,,
31206,Hajdú apró,93346,"INFORM MÉDIA Lapkiadó, Információs és Kulturális Korlátolt Felelősségű Társaság",1093,Inform Media Gmbh,1093,Inform Media Gmbh,,,,,,,,,,,,,,,,,,,,,,,,,,
31209,Hajdú-bihari napló,93346,"INFORM MÉDIA Lapkiadó, Információs és Kulturális Korlátolt Felelősségű Társaság",1093,Inform Media Gmbh,1093,Inform Media Gmbh,,,,,,,,,,,,,,,,,,,,,,,,,,
31245,Haszon (lapcsoport),91040,Haszon Lapkiadó Korlátolt Felelősségű Társaság,1181,Stipsicz Beteiligungs GmbH,,,,,,,,,,,,,,,,,,,,,,,,,,,,
31254,Hatvani hírlap (Hatvani hírek) ,999999,Egyéb üzemeltető,,,,,,,,,,,,,,,,,,,,,,,,,,,,,,
31260,Házak & kertek,90180,AXEL SPRINGER-BUDAPEST KIADÓI Kft,1352,Bérczi Zsuzsanna,1347,Dr. Bayer József,1427,Axel Springer Verlag AG,,,,,,,,,,,,,,,,,,,,,,,,
31329,Heti válasz,91084,Heti Válasz Lap- és Könyvkiadó Szolgáltató Korlátolt Felelősségű Társaság,1627,Dr. Kékessy Dezső András,1663,Szabadhegy Péter János,1621,Csák János,,,,,,,,,,,,,,,,,,,,,,,,
31331,Heves megyei hírlap,90181,Axel Springer- Magyarország Korlátolt Felelősségű Társaság,1352,Bérczi Zsuzsanna,1347,Dr. Bayer József,1427,AXEL SPRINGER VERLAG AG,,,,,,,,,,,,,,,,,,,,,,,,
31333,Hevesi apró,93346,"INFORM MÉDIA Lapkiadó, Információs és Kulturális Korlátolt Felelősségű Társaság",1093,Inform Media Gmbh,1093,Inform Media Gmbh,,,,,,,,,,,,,,,,,,,,,,,,,,
31340,Hídlap,199062,Strigonium Számviteli és Gazdasági Tanácsadó Zártkörűen Működő Részvénytársaság,1429,Esztergom Önkormányzata,,,,,,,,,,,,,,,,,,,,,,,,,,,,
31426,Horizon,91813,Marquard Média Magyarország Kiadó Korlátolt Felelősségű Társaság,1125,Marquard Media AG,1722,JMG Globomedia AG,,,,,,,,,,,,,,,,,,,,,,,,,,
31435,Hot!,92518,Ringier Kiadó Korlátolt Felelősségű Társaság,1596,Rotenri Investments B.V.,1702,B. V. Tabora,,,,,,,,,,,,,,,,,,,,,,,,,,
31441,Hölgyvilág,90180,AXEL SPRINGER-BUDAPEST KIADÓI Kft,1352,Bérczi Zsuzsanna,1347,Dr. Bayer József,1427,Axel Springer Verlag AG,,,,,,,,,,,,,,,,,,,,,,,,
31468,HVG (lapcsoport),93546,HVG Rt.,1142,Ost Holding GmbH,,,,,,,,,,,,,,,,,,,,,,,,,,,,
31485,IM,90782,EUROMÉDIA KIADÓ Lapkiadó és Reklámügynökség Korlátolt Felelősségű Társaság,1656,Petrenka János,1657,Petrenka Noémi,1583,Márton Edina,1550,Békefi Judit,,,,,,,,,,,,,,,,,,,,,,
31512,Interpress magazin,93140,"Word Communications Kiadói, Kereskedelmi és Szolgáltató Korlátolt Felelősségű Társaság",1205,Vajdics Enikő,1701,Zelenyiánszki Zoltán,1685,Kocsisné Vidovszky Márta,,,,,,,,,,,,,,,,,,,,,,,,
31517,Irányár,91935,MOBIL-EXPO Kereskedelmi Korlátolt Felelősségü Társaság,1710,Daily Mail International Holdings B.V.,,,,,,,,,,,,,,,,,,,,,,,,,,,,
31587,Jó tanács,90181,Axel Springer- Magyarország Korlátolt Felelősségű Társaság,1352,Bérczi Zsuzsanna,1347,Dr. Bayer József,1427,AXEL SPRINGER VERLAG AG,,,,,,,,,,,,,,,,,,,,,,,,
31609,Joy,91813,Marquard Média Magyarország Kiadó Korlátolt Felelősségű Társaság,1125,Marquard Media AG,1722,JMG Globomedia AG,,,,,,,,,,,,,,,,,,,,,,,,,,
31641,Kapos extra ,91304,Kapos Extra Bt.,,,,,,,,,,,,,,,,,,,,,,,,,,,,,,
31698,Keleti apró,93346,"INFORM MÉDIA Lapkiadó, Információs és Kulturális Korlátolt Felelősségű Társaság",1093,Inform Media Gmbh,1093,Inform Media Gmbh,,,,,,,,,,,,,,,,,,,,,,,,,,
31700,Kelet-Magyarország,93346,"INFORM MÉDIA Lapkiadó, Információs és Kulturális Korlátolt Felelősségű Társaság",1093,Inform Media Gmbh,1093,Inform Media Gmbh,,,,,,,,,,,,,,,,,,,,,,,,,,
31751,Kisalföld (lapcsoport),91548,Kisalföld Kiadó Korlátolt Felelősségű Társaság,1710,Daily Mail International Holdings B.V.,,,,,,,,,,,,,,,,,,,,,,,,,,,,
31754,Kisalföldi gazdaság,91548,Lapcom Lapkiadó és Nyomdaipari Korlátolt Felelősségü Társaság,1710,Daily Mail International Holdings B.V.,,,,,,,,,,,,,,,,,,,,,,,,,,,,
31769,Kiskegyed (lapcsoport),90180,AXEL SPRINGER-BUDAPEST KIADÓI Kft,1352,Bérczi Zsuzsanna,1347,Dr. Bayer József,1427,Axel Springer Verlag AG,,,,,,,,,,,,,,,,,,,,,,,,
31779,Kismama,92564,Sanoma Budapest Kiadói Zártkörűen Működő Részvénytársaság,1171,Sanoma Magazines International B. V.,,,,,,,,,,,,,,,,,,,,,,,,,,,,
31808,Komárom-Esztergom megyei 24 óra,90181,Axel Springer- Magyarország Korlátolt Felelősségű Társaság,1352,Bérczi Zsuzsanna,1347,Dr. Bayer József,1427,AXEL SPRINGER VERLAG AG,,,,,,,,,,,,,,,,,,,,,,,,
31906,Kritika,92090,Népszabadság Kiadó és Nyomdaipari Zártkörűen Működő Részvénytársaság,1702,B. V. Tabora,,,,,,,,,,,,,,,,,,,,,,,,,,,,
31933,Lakáskultúra,90180,AXEL SPRINGER-BUDAPEST KIADÓI Kft,1352,Bérczi Zsuzsanna,1347,Dr. Bayer József,1427,Axel Springer Verlag AG,,,,,,,,,,,,,,,,,,,,,,,,
31947,Látkép,92513,RF-HOBBY Lapkiadó Korlátolt Felelősségű Társaság,1146,Petr Simandl,1157,RF-HOBBY s.r.o.,,,,,,,,,,,,,,,,,,,,,,,,,,
32053,Magyar hírlap,91661,Magyar Hírlap Kiadói Korlátolt Felelősségű Társaság,1417,Széles Gábor,1635,Halmi Nándorné Dr. Vissi Mária,1648,Magyar Hírlap Egyesület,,,,,,,,,,,,,,,,,,,,,,,,
32071,Magyar narancs,91753,Magyarnarancs.hu Lapkiadó Korlátolt Felelősségű Társaság,1698,Szilágyi Szilvia,1691,Legát Tibor,1695,Novák Zsófia,1106,Koller Gitta,1502,Bojtár Endre,1016,Barotányi Zoltán,1674,Bundula István,1687,Kovács Kristóf,1688,Kovács Tibor,1699,Varró Szilvia,1128,Media Development Loan Fund Inc.,,,,,,,,
32073,Magyar nemzet,92081,Nemzet Lap- és Könyvkiadó Korlátolt Felelősségű Társaság,1050,Dr. Liszkay Gábor,248035,PRO-AURUM Vagyonkezelő Zrt.,,,,,,,,,,,,,,,,,,,,,,,,,,
32093,Magyar tőkepiac (Értékpapír és tőzsde),199025,GEOHOLDING Vállalkozási Zártkörűen Működő Részvénytársaság,,,,,,,,,,,,,,,,,,,,,,,,,,,,,,
32107,Mai belváros ,91177,IMPRESS-RÉGIÓ Kiadó és Szolgáltató Korlátolt Felelősségű Társaság,1098,Karalyos József,1099,Karalyosné dr. Kiss Beáta,,,,,,,,,,,,,,,,,,,,,,,,,,
32113,Makói hirdető ,199011,"DÉLMAGYARORSZÁG Könyv-, Lapkiadó és Nyomdaipari Korlátolt Felelősségű Társaság",,,,,,,,,,,,,,,,,,,,,,,,,,,,,,
32117,Manager magazin,199045,manager magazin Budapest Kiadó Korlátolt Felelősségű Társaság,1737,Motor-Presse International Verlagsgesellschaft Holding mbH,1734,manager magazin Verlagsgesellschaft mbH,,,,,,,,,,,,,,,,,,,,,,,,,,
32141,Maxima,92564,Sanoma Budapest Kiadói Zártkörűen Működő Részvénytársaság,1171,Sanoma Magazines International B. V.,,,,,,,,,,,,,,,,,,,,,,,,,,,,
32164,Meglepetés (lapcsoport),92564,Sanoma Budapest Kiadói Zártkörűen Működő Részvénytársaság,1171,Sanoma Magazines International B. V.,,,,,,,,,,,,,,,,,,,,,,,,,,,,
32180,Mérnök újság,91587,LOGOD Kereskedelmi és Szolgáltató B.T.,1603,Szakács Levente,1554,Buday Miklós,1601,Stoics Ágnes,,,,,,,,,,,,,,,,,,,,,,,,
32192,Metropol (Metro),91998,MTG Metro Gratis Kereskedelmi és Szolgáltató Korlátolt Felelősségű Társaság,1130,Metro International S. A.,1130,Metro International S. A.,,,,,,,,,,,,,,,,,,,,,,,,,,
32211,Miskolci napló (MiNap),199048,Miskolci Kommunikációs Kht.,,,,,,,,,,,,,,,,,,,,,,,,,,,,,,
32226,Minimax magazin,999999,Egyéb üzemeltető,,,,,,,,,,,,,,,,,,,,,,,,,,,,,,
32231,Miskolc info,999999,Egyéb üzemeltető,,,,,,,,,,,,,,,,,,,,,,,,,,,,,,
32243,Miskolc szuperinfó,199020,FAIR SYSTEM Kiállitásszervező és Ügynöki Korlátolt Felelősségű Társaság,,,,,,,,,,,,,,,,,,,,,,,,,,,,,,
32247,MM műszaki magazin,199069,Vogel Publishing Kiadó Korlátolt Felelősségű Társaság,1700,Vogel Burda Holding GmbH,,,,,,,,,,,,,,,,,,,,,,,,,,,,
32272,Motorrevü,91968,MOTOR-PRESSE BUDAPEST Kft.,1737,Motor-Presse International Verlagsgesellschaft Holding mbH,,,,,,,,,,,,,,,,,,,,,,,,,,,,
32314,Műértő,93546,HVG Rt.,1142,Ost Holding GmbH,,,,,,,,,,,,,,,,,,,,,,,,,,,,
32345,Színes ász (Napi ász),90964,"G-PUBLISHING Lapkiadó, Szolgáltató és Kereskedelmi Korlátolt Felelősségű Társaság",1576,Konstantinos Gerou,1565,Geronia Holding Limited,1574,J.W. Ludwig Co Limitied,,,,,,,,,,,,,,,,,,,,,,,,
32346,Magyar idők (Napi gazdaság),92066,Napi Gazdaság Kiadó Korlátolt Felelősségű Társaság,1109,Korányi Tamás,1743,Süle László Csaba,1746,Tomcsányi Péter,1587,Molnár Gergely,1109,Korányi Tamás,1606,Tallósy István,1557,Dr. Almás Andor,1727,Karagich István,1604,Szenes Gábor,1582,Máriás Judit,1595,Rónai Balázs,,,,,,,,
32348,Napló,91459,Közép-Dunántúli Napló Kiadói Betéti Társaság,,,,,,,,,,,,,,,,,,,,,,,,,,,,,,
32353,National geographic Magyarország,92564,Sanoma Budapest Kiadói Zártkörűen Működő Részvénytársaság,1171,Sanoma Magazines International B. V.,,,,,,,,,,,,,,,,,,,,,,,,,,,,
32366,Nemzeti sport (lapcsoport),92518,Ringier Kiadó Korlátolt Felelősségű Társaság,1596,Rotenri Investments B.V.,1702,B. V. Tabora,,,,,,,,,,,,,,,,,,,,,,,,,,
32375,Népszabadság (lapcsoport),92090,Népszabadság Kiadó és Nyomdaipari Részvénytársaság,1702,B. V. Tabora,,,,,,,,,,,,,,,,,,,,,,,,,,,,
32379,Népszava,90653,Editorial Vagyonkezelő és Tanácsadó Korlátolt Felelősségű Társaság,1624,Dr. Ács György,1632,Fluck Miklós,1638,Kátay Lajos,1634,Gündisch Mónika,1673,Bodrogi Margaréta,1617,Avar János,1301,Dr. Simon Dénes Ferenc,,,,,,,,,,,,,,,,
32397,Nógrád megyei hírlap,92115,Nógrádi Média Kiadói Korlátolt Felelősségű Társaság,1107,Kopka Miklós,,,,,,,,,,,,,,,,,,,,,,,,,,,,
32409,Nők lapja (lapcsoport),92564,Sanoma Budapest Kiadói Zártkörűen Működő Részvénytársaság,1171,Sanoma Magazines International B. V.,,,,,,,,,,,,,,,,,,,,,,,,,,,,
32439,Nyíregyházi napló,93039,VÁROS-KÉP Szolgáltató Nonprofit Korlátolt Felelősségű Társaság,,,,,,,,,,,,,,,,,,,,,,,,,,,,,,
32452,Óbuda ,91177,IMPRESS-RÉGIÓ Kiadó és Szolgáltató Korlátolt Felelősségű Társaság,1098,Karalyos József,1099,Karalyosné dr. Kiss Beáta,,,,,,,,,,,,,,,,,,,,,,,,,,
32588,Pécsi hírek,92292,BAR-ZAL Lap-és Könyvkiadó Korlátolt Felelősségű Társaság,1145,Pécs Önkormányzata,,,,,,,,,,,,,,,,,,,,,,,,,,,,
32612,Pest megyei újság,199006,Budapesti Piac Marketing Kft.,1571,Hegedűsné Bárdos Judit,1605,Szijj György,1611,Vas Zoltán,1570,Hegedüs István,,,,,,,,,,,,,,,,,,,,,,
32623,Petőfi népe,92324,Petőfi Lap- és Könyvkiadó Korlátolt Felelősségű Társaság,1352,Bérczi Zsuzsanna,1347,Dr. Bayer József,1011,Axel Springer Verlag Beteiligungsgesellschaft Gmbh,,,,,,,,,,,,,,,,,,,,,,,,
32627,Piac & Profit,92333,Piac és Profit Kiadó Korlátolt Felelősségű Társaság,1680,dr. Törő András,1038,Demcsák Lajos,1015,Barinkainé Kolossa Katalin,1039,Demcsák Lajosné,1123,Marczisné Szűcs Krisztina,1561,Eller Erzsébet,1179,Simon Istvánné,1043,Dobai Attila,1562,Eller Pálné,,,,,,,,,,,,
32707,Prémium (lapcsoport),92258,Pannon Lapok Társasága Kiadói Korlátolt Felelősségű Társaság,1637,K & K Medien und Handels GmbH. & Co. KG,,,,,,,,,,,,,,,,,,,,,,,,,,,,
32895,Somogyi hírlap,90181,Axel Springer- Magyarország Korlátolt Felelősségű Társaság,1352,Bérczi Zsuzsanna,1347,Dr. Bayer József,1427,AXEL SPRINGER VERLAG AG,,,,,,,,,,,,,,,,,,,,,,,,
32959,Szabad föld,90938,Szabad Lap Kiadói Kft.,,,,,,,,,,,,,,,,,,,,,,,,,,,,,,
33013,Szegedi tükör,91548,Lapcom Lapkiadó és Nyomdaipari Korlátolt Felelősségü Társaság,1710,Daily Mail International Holdings B.V.,,,,,,,,,,,,,,,,,,,,,,,,,,,,
33160,Társadalombiztosítás ...,93546,HVG Rt.,1142,Ost Holding GmbH,,,,,,,,,,,,,,,,,,,,,,,,,,,,
33253,Tolnai népújság,90181,Axel Springer- Magyarország Korlátolt Felelősségű Társaság,1352,Bérczi Zsuzsanna,1347,Dr. Bayer József,1427,AXEL SPRINGER VERLAG AG,,,,,,,,,,,,,,,,,,,,,,,,
33314,Új Dunántúli napló,90181,Axel Springer- Magyarország Korlátolt Felelősségű Társaság,1352,Bérczi Zsuzsanna,1347,Dr. Bayer József,1427,AXEL SPRINGER VERLAG AG,,,,,,,,,,,,,,,,,,,,,,,,
33340,Új Néplap,90181,Axel Springer- Magyarország Korlátolt Felelősségű Társaság,1352,Bérczi Zsuzsanna,1347,Dr. Bayer József,1427,AXEL SPRINGER VERLAG AG,,,,,,,,,,,,,,,,,,,,,,,,
33344,Újbuda ,91842,Média 11. Tömegkommunikációs és Szolgáltató Korlátolt Felelősségű Társaság,1027,Budapest XI. kerület Önkormányzata,,,,,,,,,,,,,,,,,,,,,,,,,,,,
33382,Üzleti 7,199037,Kamarapressz Kiadó és Szolgáltató Közhasznú Társaság,1120,Magyar Kereskedelmi és Iparkamara,,,,,,,,,,,,,,,,,,,,,,,,,,,,
33405,Életképek (Városházi napló),999999,Egyéb üzemeltető,,,,,,,,,,,,,,,,,,,,,,,,,,,,,,
33417,Vas népe,93510,Vas Népe Reklám-Propaganda és Kiadói Betéti Társaság,,,,,,,,,,,,,,,,,,,,,,,,,,,,,,
33424,Vasárnapi észak,93346,"INFORM MÉDIA Lapkiadó, Információs és Kulturális Korlátolt Felelősségű Társaság",1093,Inform Media Gmbh,1093,Inform Media Gmbh,,,,,,,,,,,,,,,,,,,,,,,,,,
33427,Vasárnapi hírek,92971,VH Információs Korlátolt Felelősségű Társaság,1649,Medizinische Medien Information GmbH,1620,CMPMedica Germany Holding GmbH,,,,,,,,,,,,,,,,,,,,,,,,,,
33428,Vasárnapi kelet,93346,"INFORM MÉDIA Lapkiadó, Információs és Kulturális Korlátolt Felelősségű Társaság",1093,Inform Media Gmbh,1093,Inform Media Gmbh,,,,,,,,,,,,,,,,,,,,,,,,,,
33430,Vasárnapi napló,93346,"INFORM MÉDIA Lapkiadó, Információs és Kulturális Korlátolt Felelősségű Társaság",1093,Inform Media Gmbh,1093,Inform Media Gmbh,,,,,,,,,,,,,,,,,,,,,,,,,,
33477,Veszprémi 7 nap,91798,Maraton Lapcsoport-Multivizió Kiadói Korlátolt Felelősségű Társaság,1637,K & K Medien und Handels GmbH. & Co. KG,,,,,,,,,,,,,,,,,,,,,,,,,,,,
33499,Világgazdaság,93186,Zöld Újság Tömegkommunikációs és Kiadói Zártkörűen Működő Részvénytársaság,1352,Bérczi Zsuzsanna,1347,Dr. Bayer József,1427,AXEL SPRINGER VERLAG AG,,,,,,,,,,,,,,,,,,,,,,,,
33543,XIII. kerületi hírnök ,92645,Sprint Kereskedelmi és Szolgáltató Korlátolt Felelősségű Társaság,1117,Machos Ferenc,1118,Machos Ferencné,,,,,,,,,,,,,,,,,,,,,,,,,,
33560,Zalai hírlap,93165,Zalai Hírlap Kiadói Betéti Társaság,,,,,,,,,,,,,,,,,,,,,,,,,,,,,,
33570,Zemplén szuperinfó,93346,"INFORM MÉDIA Lapkiadó, Információs és Kulturális Korlátolt Felelősségű Társaság",1093,Inform Media Gmbh,1093,Inform Media Gmbh,,,,,,,,,,,,,,,,,,,,,,,,,,
33620,Helyi téma (lapcsoport) ,92881,Théma Lapkiadó Kereskedelmi és Szolgáltatási Korlátolt Felelősségű Társaság,1211,Vitézy Tamás,1593,Publication Holding Ltd.,,,,,,,,,,,,,,,,,,,,,,,,,,
33636,Szuperinfó (lapcsoport) ,199028,H + P Szuperinfó Hirdetésszervező és Szolgáltató Korlátolt Felelősségű Társaság,1647,Lázók József,1641,Kis Péter,,,,,,,,,,,,,,,,,,,,,,,,,,
33941,Gyöngyösi újság (Gyöngyösi mozaik),999999,Egyéb üzemeltető,,,,,,,,,,,,,,,,,,,,,,,,,,,,,,
34353,Portfolio ingatlan magazin (Resource),199055,ÚJ VILÁG LAPKIADÓ Kereskedelmi és Szolgáltató Kft.,1735,MARNIX S.A.,1736,MEDIAL EUROPEAN COMMUNICATIONS HOLDING S.A.,,,,,,,,,,,,,,,,,,,,,,,,,,
34673,"Top 50, 100 (lapcsoport)",90181,Axel Springer- Magyarország Korlátolt Felelősségű Társaság,1352,Bérczi Zsuzsanna,1347,Dr. Bayer József,1427,AXEL SPRINGER VERLAG AG,,,,,,,,,,,,,,,,,,,,,,,,
35632,Hajdúszoboszló szuperinfó,199071,ZEPHYR 2000 Kereskedelmi és Szolgáltató Betéti Társaság,1667,Vaszkó Attila,1655,Paskó Éva Krisztina,,,,,,,,,,,,,,,,,,,,,,,,,,
35672,Maraton Lapcsoport (lapcsoport) ,91798,Maraton Lapcsoport-Multivizió Kiadói Korlátolt Felelősségű Társaság,1637,K & K Medien und Handels GmbH. & Co. KG,,,,,,,,,,,,,,,,,,,,,,,,,,,,
36084,Vasárnap reggel (lapcsoport) ,90181,Axel Springer- Magyarország Korlátolt Felelősségű Társaság,1352,Bérczi Zsuzsanna,1347,Dr. Bayer József,1427,AXEL SPRINGER VERLAG AG,,,,,,,,,,,,,,,,,,,,,,,,
36209,Debreceni szuperinfó ,96100,"Krekk-Info Reklám, Terjesztési és Szolgáltató Nonprofit Korlátolt Felelősségű Társaság",,,,,,,,,,,,,,,,,,,,,,,,,,,,,,
36222,Hajdúsági szuperinfó ,93346,"INFORM MÉDIA Lapkiadó, Információs és Kulturális Korlátolt Felelősségű Társaság",1093,Inform Media Gmbh,1093,Inform Media Gmbh,,,,,,,,,,,,,,,,,,,,,,,,,,
36273,Szeged körzeti szuperinfó,97348,Gulipán 93 Kereskedelmi és Szolgáltató Betéti Társaság,1591,Németh Gábor,1696,Sipos Ferenc,1609,Túri Tibor,,,,,,,,,,,,,,,,,,,,,,,,
36648,Nyugat-balatoni szuperinfó ,97854,Helikon Infó Informatikai és Szolgáltató Korlátolt Felelősségű Társaság,1159,Rigó Jánosné,1158,Rigó János,1095,Iski Zsolt Ferenc,,,,,,,,,,,,,,,,,,,,,,,,
36675,Siófoki szuperinfó,999999,Dávid és Endrész Kft.,,,,,,,,,,,,,,,,,,,,,,,,,,,,,,
36810,Városunk Salgótarján grátisz,92115,Nógrádi Média Kiadói Korlátolt Felelősségű Társaság,1107,Kopka Miklós,,,,,,,,,,,,,,,,,,,,,,,,,,,,
39903,Cash-Flow,199008,Cash-Flow Kiadó Kft,1750,Voksán György,1716,FPM Medienbeteiligung GmbH,1723,Johanna und Ferenc Papp GmbH,,,,,,,,,,,,,,,,,,,,,,,,
39906,Komárom-Esztergom megyei Hírlap,95902,Komáromi Nyomda és Kiadó Korlátolt Felelősségű Társaság,1578,Kovács Jánosné,1744,Szabó Imréné,1725,Józsáné Schmelcz Zsuzsanna,1718,Gyimesi Ferenc,1709,Csuport Lajosné,1721,Horváth Lászlóné,1738,Nagy Tiborné,1577,Kovács János Ferenc,,,,,,,,,,,,,,
32966,Szabadság,92404,Progressio Lapkiadó és Szolgáltató Kft.,1589,MUNKÁSPÁRT,,,,,,,,,,,,,,,,,,,,,,,,,,,,
36691,Zalaegerszegi 7 nap,91798,Maraton Lapcsoport-Multivizió Kiadói Korlátolt Felelősségű Társaság,1637,K & K Medien und Handels GmbH. & Co. KG,,,,,,,,,,,,,,,,,,,,,,,,,,,,
32035,Magyar Demokrata,90156,Artamondó Kft.,1551,Bencsik András,1558,Dr. Bencsik Dávid,,,,,,,,,,,,,,,,,,,,,,,,,,
32047,Magyar Fórum,199003,B-média Szolgáltató és Kereskedelmi Korlátolt Felelősségű Társaság,1698,Szilágyi Szilvia,1719,Győri Béla,1703,Barossné Győrfi Ágnes,1706,Bocskay István Szabadegyetemért Alapítvány,,,,,,,,,,,,,,,,,,,,,,
